PSU,O2,temp.,SS,SRP,DOP,PP,NH4N,NO3N,DON,PN,TN/TP,Fe,SiO4Si,DOC,TPOC,Windspeedinsitu,Depth,DINtoDIP,Cyanobacteria,Chlorophyceae,Euglenophyceae,Diatomophyceae,Flagellata   ,Dinoflagellata ,Cryptophytes,picophytoplankton,Bosmina longirostris,Ceriodaphnia sp.,Diaphanosoma brachyurum ,Leptodora kindtii,Acartia longiremis,Acartia tonsa,Eurytemora affinis,Cyclops sp. ,Nauplii Cyclopoida,Nauplii Calanoida,Thermocyclops oithonoides,Eurytemora lacustris,Ascomorpha saltans,Asplanchna priodonta,Brachionus angularis,Brachionus calyciflorus calyciflorus,Brachionus calyciflorus f.amphiceros,Brachionus calyciflorus spinosus,Brachionus urceolaris,Brachionus calyciflorus f.anureiformis,Filinia longiseta,Keratella cochlearis cochlearis,Keratella cochlearis f.tecta,Keratella quadrata,Polyarthra vulgaris,Polyarthra platyptera,Pompholyx sp.,Synchaeta sp.,Trichocerca pusilla,Trichocerca similis,Basin
3.758,9.460,18.300,52.000,3.500,11.700,185.000,0.039,0.022,0.551,0.759,6.848,0.012,2.311,7.500,8.565,3.500,3.300,17.429,2.350,3.080,0.920,0.230,0.000,0.000,0.000,3.200,0.000,0.000,0.000,0.000,2.071,0.930,0.925,0.000,0.003,0.026,0.000,0.000,0.007,0.000,0.000,0.000,0.000,0.000,0.000,0.000,1.315,0.892,0.271,0.000,0.031,0.000,0.000,0.000,0.004,0.001,0.000
3.505,9.890,19.100,50.000,4.400,17.500,111.300,0.020,0.025,0.123,1.181,10.128,0.014,2.116,7.860,8.520,0.000,3.600,10.227,6.390,2.870,0.490,0.010,0.000,0.000,0.000,2.420,0.000,0.000,0.000,0.000,0.501,0.038,0.000,0.000,0.000,0.000,0.000,0.000,0.000,0.056,0.000,0.018,0.000,0.000,0.000,0.000,0.077,0.064,0.046,0.000,0.011,0.000,0.000,0.044,0.004,0.002,0.000
3.721,9.630,17.500,62.000,11.700,13.000,117.600,0.036,0.021,0.727,0.134,6.451,0.039,2.182,7.535,8.471,4.000,3.200,4.872,2.050,7.470,0.000,0.060,0.170,0.000,0.000,2.610,0.000,0.000,0.000,0.000,0.093,0.000,0.000,0.009,0.014,0.001,0.009,0.000,0.000,0.001,0.000,0.000,0.000,0.000,0.000,0.000,0.047,0.012,0.004,0.000,0.000,0.000,0.000,0.000,0.000,0.000,0.000
4.408,9.540,18.400,55.000,7.400,16.200,124.700,0.023,0.024,0.566,0.895,10.169,0.018,2.054,7.282,8.702,3.500,3.000,6.351,6.300,5.030,0.000,0.110,0.100,0.000,0.000,2.490,0.000,0.000,0.000,0.000,0.000,0.000,0.013,0.006,0.014,0.015,0.018,0.000,0.000,0.000,0.000,0.000,0.000,0.000,0.000,0.000,0.031,0.008,0.004,0.000,0.000,0.000,0.000,0.000,0.000,0.000,0.000
4.390,9.340,17.800,53.000,13.800,21.400,84.400,0.031,0.030,0.022,1.069,9.632,0.020,2.067,7.370,7.880,4.000,3.700,4.420,3.770,5.690,0.000,0.005,0.040,0.000,0.020,1.730,0.000,0.000,0.000,0.000,0.000,0.000,0.014,0.000,0.009,0.001,0.017,0.000,0.000,0.000,0.000,0.000,0.000,0.000,0.000,0.000,0.049,0.014,0.002,0.003,0.000,0.000,0.000,0.000,0.000,0.000,0.000
4.047,9.320,17.900,50.000,8.700,16.000,126.300,0.060,0.007,0.596,0.596,8.338,0.036,2.081,7.051,8.285,4.000,3.500,7.701,1.870,2.640,0.000,0.050,0.020,0.000,0.000,1.500,0.000,0.000,0.000,0.000,0.013,0.000,0.015,0.000,0.008,0.001,0.016,0.000,0.000,0.003,0.001,0.000,0.000,0.000,0.000,0.000,0.065,0.009,0.002,0.000,0.000,0.000,0.000,0.000,0.000,0.000,0.000
3.396,9.540,17.200,54.000,10.500,11.500,107.400,0.019,0.029,0.679,0.724,11.213,0.022,2.194,7.667,9.397,2.000,3.100,4.571,2.260,8.520,0.000,0.080,0.100,0.000,0.030,3.200,0.000,0.000,0.000,0.000,0.010,0.000,0.013,0.000,0.018,0.003,0.000,0.000,0.000,0.003,0.000,0.000,0.000,0.000,0.000,0.000,0.000,0.017,0.003,0.000,0.000,0.000,0.000,0.000,0.000,0.000,0.000
3.360,9.110,17.300,51.000,1.000,75.900,55.400,0.022,0.024,0.557,0.939,11.744,0.020,2.116,7.920,8.831,2.000,3.200,46.000,4.000,10.170,0.000,0.690,0.210,0.000,0.000,4.500,0.000,0.000,0.000,0.000,0.000,0.000,0.006,0.000,0.006,0.009,0.002,0.000,0.000,0.003,0.002,0.000,0.000,0.000,0.000,0.000,0.060,0.010,0.002,0.000,0.000,0.000,0.000,0.001,0.000,0.000,0.000
4.137,9.600,17.000,61.000,7.000,13.400,128.700,0.070,0.034,0.569,0.915,10.651,0.037,2.220,8.206,9.279,4.000,2.700,14.857,2.930,6.380,0.000,0.100,0.090,0.000,0.000,3.480,0.000,0.000,0.000,0.000,0.038,0.000,0.000,0.000,0.019,0.002,0.000,0.000,0.000,0.004,0.000,0.000,0.000,0.000,0.000,0.000,0.018,0.011,0.002,0.000,0.000,0.000,0.000,0.000,0.000,0.000,0.000
3.848,8.980,20.100,66.000,14.700,4.200,160.300,0.045,0.029,0.674,0.609,7.573,0.018,2.515,8.480,7.810,5.000,3.700,5.034,8.250,2.030,0.000,0.410,0.060,0.000,0.000,1.660,0.000,0.000,0.000,0.000,0.627,0.840,0.968,0.000,0.019,0.119,0.000,0.000,0.000,0.000,0.004,0.000,0.000,0.000,0.000,0.000,0.007,0.073,0.009,0.000,0.167,0.104,0.000,0.000,0.001,0.001,0.000
4.083,10.460,20.500,53.750,11.700,16.600,161.300,0.002,0.043,0.536,1.034,8.518,0.019,2.502,9.730,8.810,3.000,3.600,3.846,16.200,8.590,0.000,0.310,0.160,0.000,0.000,2.370,0.000,0.000,0.000,0.000,3.067,4.882,1.769,0.000,0.028,0.081,0.000,0.000,0.000,0.000,0.025,0.000,0.000,0.000,0.000,0.000,0.045,1.923,0.036,0.018,0.149,0.437,0.000,0.000,0.002,0.000,0.000
3.956,8.890,20.000,57.500,13.500,8.200,125.000,0.014,0.064,0.721,0.594,9.496,0.050,2.361,10.090,9.330,2.500,2.800,5.778,3.310,3.800,0.020,0.570,0.000,0.000,0.000,2.580,0.000,0.000,0.000,0.001,0.024,0.104,0.018,0.004,0.002,0.003,0.013,0.000,0.000,0.000,0.000,0.000,0.000,0.000,0.000,0.000,0.000,0.001,0.001,0.000,0.000,0.000,0.000,0.000,0.000,0.000,0.000
3.360,9.160,20.000,47.500,10.900,50.700,121.200,0.006,0.142,0.658,0.631,7.861,0.028,2.400,10.330,7.620,3.000,3.200,13.578,2.730,3.900,0.000,0.240,0.130,0.000,0.000,2.660,0.000,0.000,0.000,0.000,0.006,0.109,0.000,0.015,0.028,0.005,0.011,0.000,0.000,0.000,0.000,0.000,0.000,0.000,0.000,0.000,0.000,0.009,0.000,0.000,0.000,0.000,0.000,0.000,0.000,0.000,0.000
4.263,8.830,20.000,75.000,11.700,10.300,102.500,0.019,0.039,0.487,0.734,10.273,0.017,2.688,9.820,7.900,4.000,3.600,4.957,8.010,5.030,0.120,0.460,0.240,0.000,0.000,4.430,0.000,0.000,0.000,0.000,0.022,0.220,0.000,0.015,0.006,0.015,0.000,0.000,0.000,0.000,0.000,0.000,0.000,0.000,0.000,0.000,0.002,0.019,0.001,0.000,0.000,0.000,0.000,0.000,0.000,0.000,0.000
3.685,9.120,20.400,77.500,15.200,20.800,84.900,0.010,0.056,0.685,0.816,12.961,0.031,2.666,9.300,8.700,4.000,3.500,4.342,7.590,4.090,0.050,0.670,0.130,0.000,0.000,4.520,0.000,0.000,0.000,0.000,0.091,0.698,0.000,0.015,0.035,0.028,0.000,0.000,0.000,0.000,0.000,0.000,0.000,0.000,0.000,0.000,0.003,0.034,0.001,0.000,0.000,0.000,0.000,0.000,0.000,0.000,0.000
4.191,9.100,20.100,80.000,18.200,6.800,150.500,0.016,0.037,0.802,0.899,9.994,0.033,2.484,9.930,11.260,5.000,2.900,2.912,7.230,4.890,0.040,0.760,0.180,0.000,0.000,4.560,0.000,0.000,0.000,0.000,0.023,0.146,0.000,0.011,0.005,0.003,0.000,0.000,0.000,0.000,0.000,0.000,0.000,0.000,0.000,0.000,0.003,0.034,0.005,0.000,0.000,0.000,0.000,0.000,0.000,0.000,0.000
3.487,9.090,20.200,91.250,12.800,80.800,48.000,0.014,0.053,0.259,0.049,2.648,0.028,2.462,9.630,13.350,5.000,2.800,5.234,5.200,3.910,0.200,0.590,0.180,0.060,0.000,6.310,0.000,0.000,0.000,0.000,0.006,0.120,0.000,0.014,0.023,0.007,0.010,0.000,0.000,0.000,0.001,0.000,0.000,0.000,0.000,0.000,0.003,0.022,0.000,0.000,0.000,0.000,0.000,0.000,0.000,0.000,0.000
3.342,9.030,19.800,116.250,8.900,59.700,123.300,0.016,0.036,0.738,0.694,7.733,0.029,2.433,10.090,12.910,4.000,2.500,5.843,6.740,3.510,0.000,0.120,0.180,0.010,0.003,5.020,0.000,0.000,0.000,0.000,0.000,0.245,0.041,0.006,0.020,0.019,0.000,0.000,0.000,0.000,0.000,0.000,0.000,0.000,0.000,0.000,0.000,0.002,0.001,0.000,0.000,0.000,0.000,0.000,0.000,0.000,0.000
4.420,7.620,19.500,58.600,19.800,7.100,114.400,0.034,0.010,0.809,0.450,9.222,0.020,2.935,9.500,10.575,2.500,3.500,2.222,6.600,3.120,0.610,1.150,0.240,0.000,0.000,0.630,0.000,0.000,18.827,0.000,0.000,0.000,25.022,0.000,0.093,0.252,0.000,0.000,0.000,0.000,0.000,0.000,0.000,0.000,0.010,0.000,0.000,1.240,0.146,0.000,0.064,0.041,0.000,0.000,0.000,0.000,0.000
4.330,8.880,20.300,57.140,21.400,35.000,153.800,0.024,0.027,0.815,0.661,7.265,0.028,2.752,9.000,10.437,2.000,3.600,2.383,8.210,5.280,0.300,0.830,0.380,0.000,0.000,0.740,0.000,0.000,4.356,0.000,1.798,1.263,2.332,0.000,0.009,0.193,0.000,0.000,0.000,0.000,0.000,0.000,0.000,0.000,0.000,0.000,0.018,2.462,0.241,0.000,0.077,0.179,0.000,0.000,0.000,0.000,0.000
3.990,9.310,19.100,71.250,5.100,15.700,100.100,0.039,0.019,0.444,0.844,11.133,0.033,0.796,8.890,9.180,3.000,3.500,11.373,6.230,3.120,0.610,1.150,0.240,0.000,0.000,1.620,0.000,0.000,9.346,0.000,2.378,0.966,2.002,0.000,0.025,0.169,0.000,0.000,0.000,0.000,0.000,0.000,0.000,0.000,0.000,0.000,0.088,0.651,0.069,0.000,0.027,0.020,0.000,0.000,0.004,0.000,0.000
4.020,11.860,20.700,57.500,13.000,10.100,80.500,0.035,0.057,0.626,0.913,15.743,0.054,0.924,8.450,9.400,0.000,3.500,7.077,7.770,5.280,0.300,0.830,0.380,0.000,0.000,1.920,0.000,0.000,16.864,0.000,2.363,0.673,4.733,0.000,0.039,0.207,0.000,0.000,0.000,0.000,0.000,0.000,0.000,0.000,0.000,0.000,0.118,1.194,0.119,0.016,0.087,0.012,0.000,0.000,0.004,0.000,0.000
4.420,9.050,18.900,77.140,5.400,20.600,155.200,0.035,0.033,0.548,0.606,6.744,0.032,1.106,8.000,9.898,3.000,3.500,12.593,3.850,3.370,0.000,0.220,0.940,0.000,0.000,3.840,0.000,0.000,0.382,0.000,0.000,0.011,0.189,0.000,0.008,0.002,0.000,0.013,0.000,0.000,0.000,0.000,0.000,0.000,0.000,0.000,0.000,0.009,0.001,0.000,0.000,0.000,0.000,0.000,0.000,0.000,0.000
4.300,9.310,18.700,72.860,13.600,7.200,125.300,0.027,0.026,0.553,1.108,11.732,0.035,1.608,8.080,10.120,2.000,3.800,3.897,5.770,3.690,0.000,0.760,0.080,0.000,0.000,2.970,0.000,0.000,0.378,0.000,0.107,0.023,0.000,0.000,0.006,0.002,0.000,0.000,0.000,0.000,0.000,0.000,0.000,0.000,0.000,0.000,0.001,0.027,0.004,0.000,0.000,0.000,0.000,0.000,0.000,0.000,0.000
3.380,11.160,19.900,71.430,8.200,42.200,132.100,0.032,0.039,0.448,1.254,9.715,0.050,2.135,8.840,12.800,0.000,2.800,8.659,6.040,4.730,0.010,0.660,0.040,0.000,0.000,4.330,0.000,0.000,0.469,0.000,0.000,0.053,0.169,0.066,0.044,0.020,0.000,0.032,0.000,0.000,0.000,0.000,0.000,0.000,0.000,0.000,0.012,0.041,0.008,0.000,0.000,0.000,0.000,0.000,0.000,0.000,0.000
4.320,11.200,20.200,70.000,7.100,14.900,190.100,0.031,0.024,0.165,1.009,5.794,0.030,2.077,9.300,10.460,0.200,3.500,7.746,3.160,3.990,0.000,0.470,0.410,0.000,0.000,4.500,0.000,0.000,0.291,0.000,0.000,0.012,0.082,0.006,0.007,0.005,0.000,0.004,0.000,0.000,0.000,0.000,0.000,0.000,0.000,0.000,0.014,0.017,0.003,0.000,0.000,0.000,0.000,0.000,0.000,0.000,0.000
3.430,11.140,20.200,74.290,22.800,16.200,163.800,0.012,0.027,0.699,0.969,8.417,0.033,1.265,9.140,13.620,1.500,2.500,1.711,3.660,3.970,0.060,0.170,0.620,0.000,0.000,5.020,0.000,0.000,1.504,0.000,0.000,0.036,0.201,0.000,0.018,0.004,0.000,0.585,0.000,0.000,0.000,0.000,0.000,0.000,0.000,0.000,0.005,0.029,0.001,0.000,0.000,0.000,0.000,0.000,0.000,0.000,0.000
3.540,12.890,20.600,64.290,21.100,9.000,247.600,0.030,0.050,0.755,0.938,6.385,0.056,1.330,8.850,14.420,0.200,1.500,3.791,2.750,2.410,0.050,0.110,0.110,0.000,0.000,4.690,0.000,0.000,1.358,0.000,0.000,0.000,0.056,0.000,0.009,0.013,0.000,0.606,0.000,0.000,0.000,0.000,0.000,0.000,0.000,0.000,0.004,0.019,0.002,0.000,0.000,0.000,0.000,0.000,0.000,0.000,0.000
3.250,11.510,20.100,75.710,41.800,27.700,150.900,0.030,0.027,0.534,1.276,8.471,0.032,1.340,9.460,14.480,3.000,2.700,1.364,3.970,2.190,0.040,0.200,0.070,0.000,0.000,5.280,0.000,0.000,1.541,0.000,0.000,0.074,0.145,0.000,0.003,0.011,0.000,0.263,0.000,0.000,0.000,0.000,0.000,0.000,0.000,0.000,0.002,0.022,0.003,0.000,0.000,0.000,0.000,0.000,0.000,0.000,0.000
4.420,9.880,12.500,94.000,14.400,6.400,172.500,0.052,0.048,0.291,1.111,7.770,0.023,2.917,8.130,8.100,4.000,3.200,6.944,8.000,1.730,0.610,0.210,0.290,0.000,0.000,2.390,0.000,0.000,0.000,0.000,2.522,0.511,10.201,0.000,0.015,0.014,0.000,0.000,0.004,0.000,0.007,0.000,0.000,0.000,0.000,0.000,0.004,0.206,0.011,0.000,0.000,0.013,0.000,0.000,0.000,0.005,0.000
4.420,10.100,12.600,90.000,10.800,15.800,197.600,0.042,0.039,0.764,0.579,6.351,0.018,3.116,8.310,8.960,3.500,3.400,7.500,13.240,3.420,0.150,0.120,0.360,0.000,0.000,2.330,0.000,5.194,0.000,0.000,3.879,1.716,9.120,0.000,0.010,0.035,0.000,0.000,0.000,0.000,0.000,0.000,0.000,0.000,0.000,0.000,0.008,0.398,0.072,0.000,0.000,0.476,0.000,0.000,0.000,0.019,0.000
4.420,10.430,12.300,94.000,10.600,7.500,200.200,0.036,0.034,0.409,0.915,6.386,0.035,2.327,7.510,8.080,3.000,2.700,6.604,4.070,1.690,0.040,1.160,0.020,0.000,0.000,2.730,0.000,0.000,0.115,0.000,0.110,0.178,0.137,0.000,0.000,0.012,0.000,0.162,0.000,0.000,0.000,0.000,0.000,0.000,0.000,0.000,0.000,0.032,0.017,0.000,0.000,0.000,0.000,0.000,0.000,0.000,0.000
4.420,10.020,12.400,80.000,8.900,2.000,156.600,0.032,0.032,0.603,0.737,8.382,0.023,2.930,8.470,9.770,2.500,3.000,7.191,7.360,2.970,0.030,0.980,0.060,0.000,0.100,3.750,0.000,0.000,0.034,0.000,0.036,0.049,0.030,0.000,0.008,0.000,0.000,0.062,0.000,0.000,0.000,0.000,0.000,0.000,0.000,0.000,0.000,0.020,0.005,0.000,0.000,0.000,0.000,0.000,0.000,0.000,0.000
4.420,9.700,12.600,94.000,28.500,0.700,139.200,0.037,0.038,0.685,0.861,9.626,0.022,3.167,9.220,10.020,5.000,3.200,2.632,5.920,5.700,0.270,3.570,0.040,0.000,0.000,6.000,0.000,0.000,0.062,0.000,0.024,0.000,0.013,0.000,0.005,0.320,0.000,0.035,0.000,0.000,0.003,0.000,0.000,0.000,0.000,0.000,0.000,0.021,0.001,0.000,0.000,0.000,0.000,0.000,0.000,0.000,0.000
3.960,9.680,12.600,104.000,8.200,36.300,118.500,0.044,0.035,0.555,0.815,8.890,0.017,2.834,8.500,9.730,6.500,3.500,9.634,3.440,5.540,0.060,1.030,0.160,0.000,0.000,3.520,0.000,0.000,0.001,0.000,0.064,0.066,0.072,0.000,0.005,0.001,0.000,0.194,0.000,0.000,0.000,0.000,0.000,0.000,0.000,0.000,0.001,0.028,0.005,0.000,0.000,0.000,0.000,0.000,0.000,0.000,0.000
4.080,9.370,12.600,104.000,38.500,40.900,191.500,0.024,0.061,0.783,1.008,6.925,0.022,3.775,10.630,14.410,6.000,3.500,2.208,4.140,6.710,0.000,1.270,0.020,0.000,0.000,3.990,0.000,0.000,0.642,0.000,0.186,0.056,0.288,0.000,0.031,0.003,0.000,0.500,0.000,0.000,0.000,0.000,0.000,0.000,0.000,0.000,0.000,0.004,0.000,0.000,0.000,0.000,0.000,0.000,0.000,0.000,0.000
4.420,10.050,12.200,88.000,33.600,2.500,194.700,0.026,0.053,0.752,0.904,7.517,0.028,3.873,10.380,12.990,5.000,3.400,2.351,4.330,7.790,0.450,0.040,1.800,0.000,0.000,6.480,0.000,0.000,0.376,0.000,0.259,0.108,0.143,0.000,0.002,0.001,0.000,0.455,0.000,0.000,0.000,0.000,0.000,0.000,0.000,0.000,0.000,0.003,0.000,0.000,0.000,0.000,0.000,0.000,0.000,0.000,0.000
4.420,9.930,12.300,124.000,26.500,13.900,226.500,0.035,0.048,0.762,1.050,7.100,0.020,3.643,10.350,14.340,4.000,2.200,3.132,5.570,9.420,0.330,0.130,2.900,0.000,0.000,6.470,0.000,0.000,0.146,0.000,0.053,0.074,0.070,0.000,0.004,0.000,0.000,0.106,0.000,0.000,0.000,0.000,0.000,0.000,0.000,0.000,0.000,0.002,0.001,0.000,0.000,0.000,0.000,0.000,0.000,0.000,0.000
2.700,11.230,10.800,31.000,2.400,8.200,50.700,0.030,0.009,0.572,0.242,13.915,0.022,3.815,6.800,4.180,5.000,3.500,16.250,0.780,2.530,0.000,0.360,0.090,0.000,0.000,0.570,0.000,0.000,0.000,0.000,8.693,2.763,20.890,0.000,0.022,0.318,0.000,0.000,0.007,0.013,0.000,0.107,0.000,0.000,0.000,0.000,0.000,0.000,0.004,0.101,0.000,0.000,0.000,0.000,0.000,0.000,0.000
2.400,12.250,10.900,32.000,9.800,0.800,113.100,0.036,0.023,0.553,0.095,5.715,0.024,4.227,7.030,5.000,6.000,3.500,6.020,1.000,1.480,0.660,0.240,0.000,0.000,0.000,0.690,0.000,0.000,0.000,0.000,17.095,4.247,24.207,0.000,0.070,0.749,0.000,0.000,0.006,0.000,0.000,0.590,0.000,0.000,0.000,0.000,0.000,0.000,0.003,0.117,0.000,0.000,0.000,0.000,0.000,0.000,0.000
2.700,12.810,11.500,34.000,8.700,2.200,108.400,0.021,0.038,0.481,0.502,8.734,0.027,3.600,7.003,4.673,5.000,2.700,6.782,0.740,2.480,0.000,0.090,0.130,0.000,0.030,0.430,0.000,0.000,0.017,0.000,0.000,0.000,0.023,0.000,0.052,0.002,0.157,0.000,0.000,0.000,0.000,0.147,0.013,0.000,0.000,0.000,0.000,0.000,0.003,0.018,0.000,0.000,0.000,0.000,0.000,0.000,0.000
2.700,12.420,11.400,33.000,4.900,7.100,61.200,0.023,0.022,0.423,0.459,12.664,0.012,3.677,6.457,4.242,4.000,3.200,9.184,0.650,1.770,0.050,0.070,0.200,0.040,0.490,0.790,0.000,0.000,0.000,0.000,0.293,0.000,0.080,0.050,0.038,0.011,0.196,0.000,0.000,0.000,0.000,0.128,0.000,0.000,0.000,0.000,0.000,0.000,0.000,0.023,0.000,0.000,0.000,0.000,0.000,0.000,0.000
2.400,11.220,10.800,32.000,1.300,9.600,80.200,0.019,0.019,0.501,0.069,6.674,0.032,3.483,7.151,3.917,4.000,3.400,29.231,0.280,2.130,0.000,0.400,0.070,0.000,0.100,0.590,0.000,0.000,0.000,0.000,0.052,0.000,0.230,0.044,0.340,0.024,0.372,0.000,0.000,0.000,0.000,0.154,0.000,0.000,0.000,0.000,0.000,0.000,0.003,0.069,0.000,0.000,0.000,0.000,0.000,0.000,0.000
2.400,12.110,10.900,29.000,4.500,9.300,77.800,0.028,0.027,0.575,0.398,11.223,0.019,3.689,7.508,5.523,5.000,3.500,12.222,1.150,1.790,0.000,0.770,0.240,0.000,0.050,0.490,0.000,0.000,0.000,0.000,0.000,0.000,0.003,0.102,0.114,0.004,0.073,0.000,0.000,0.000,0.000,0.085,0.000,0.000,0.000,0.000,0.000,0.000,0.010,0.015,0.000,0.000,0.000,0.000,0.000,0.000,0.000
2.400,12.070,10.900,34.000,1.900,21.100,68.100,0.016,0.038,0.551,0.453,11.614,0.026,3.724,7.161,5.187,2.000,3.400,28.421,0.820,2.340,0.000,0.390,0.110,0.000,0.150,0.560,0.001,0.000,0.000,0.000,0.018,0.000,0.000,0.031,0.247,0.021,0.233,0.000,0.000,0.000,0.000,0.082,0.000,0.000,0.000,0.000,0.000,0.000,1.265,0.102,0.000,0.000,0.000,0.000,0.000,0.000,0.000
2.400,11.500,10.800,37.000,10.500,4.100,70.000,0.019,0.036,0.480,0.184,8.499,0.019,3.888,7.234,4.893,2.000,3.400,5.238,0.420,2.270,0.000,0.200,0.070,0.000,0.870,0.520,0.000,0.000,0.000,0.000,0.016,0.000,0.085,0.000,0.312,0.026,0.459,0.000,0.000,0.000,0.000,0.053,0.000,0.000,0.000,0.000,0.000,0.000,0.004,0.075,0.000,0.000,0.000,0.000,0.000,0.000,0.000
2.200,11.450,10.600,32.000,2.100,34.300,38.100,0.026,0.032,0.480,0.434,13.047,0.012,3.762,7.644,4.914,3.000,2.100,27.619,0.590,3.150,0.000,0.060,0.110,0.000,0.090,1.060,0.000,0.000,0.000,0.000,0.102,0.000,0.560,0.000,0.100,0.047,0.445,0.000,0.000,0.000,0.000,0.033,0.000,0.000,0.000,0.000,0.000,0.000,0.001,0.047,0.000,0.000,0.000,0.000,0.000,0.000,0.000
3.100,10.080,17.100,70.000,9.700,11.400,153.500,0.101,0.056,0.222,0.803,6.770,0.037,1.728,7.550,6.640,4.000,3.200,16.186,1.540,1.410,0.110,0.240,0.190,0.060,0.000,0.940,0.000,0.000,0.000,0.000,0.000,0.687,0.660,0.000,0.004,0.180,0.000,0.000,0.020,0.000,0.000,0.000,0.000,0.000,0.000,0.000,0.220,0.000,0.002,0.007,0.000,0.000,0.000,0.000,0.000,0.000,0.000
2.800,10.980,17.500,72.500,14.600,81.600,36.400,0.027,0.038,0.179,0.602,6.380,0.046,2.264,7.300,7.140,5.400,3.500,4.452,1.370,2.360,0.080,0.280,0.020,0.070,0.000,0.540,0.000,0.000,0.000,0.000,0.000,0.000,0.000,0.000,0.002,0.051,0.000,0.000,0.009,0.000,0.000,0.000,0.000,0.000,0.000,0.000,0.618,0.002,0.000,0.010,0.000,0.000,0.000,0.000,0.000,0.000,0.000
2.800,11.150,17.900,177.500,17.300,55.900,56.600,0.046,0.040,0.477,0.591,8.891,0.045,1.884,6.990,9.610,6.200,2.700,4.971,1.340,1.950,0.010,1.980,0.270,0.000,0.000,2.710,0.000,0.000,0.000,0.000,0.000,0.000,0.000,0.004,0.009,0.000,0.000,0.000,0.000,0.000,0.000,0.000,0.000,0.000,0.000,0.000,0.037,0.000,0.000,0.000,0.000,0.000,0.000,0.000,0.000,0.000,0.000
3.000,10.230,17.000,146.250,10.100,28.600,142.100,0.033,0.037,0.508,0.374,5.265,0.064,2.004,7.110,7.300,5.900,3.400,6.931,1.570,2.420,0.160,0.380,0.040,0.000,0.150,2.470,0.000,0.000,0.000,0.000,0.000,0.000,0.000,0.014,0.015,0.000,0.000,0.000,0.000,0.000,0.000,0.000,0.000,0.000,0.000,0.000,0.013,0.000,0.000,0.000,0.000,0.000,0.000,0.000,0.000,0.000,0.000
3.100,10.810,16.800,105.000,10.800,28.800,90.800,0.028,0.032,0.397,0.110,4.348,0.051,2.355,6.960,6.740,5.800,3.500,5.556,0.850,3.340,0.530,0.800,0.130,0.500,0.000,1.750,0.000,0.000,0.000,0.000,0.000,0.000,0.000,0.008,0.012,0.000,0.000,0.000,0.000,0.000,0.000,0.000,0.000,0.000,0.000,0.000,0.021,0.000,0.000,0.001,0.000,0.000,0.000,0.000,0.000,0.000,0.000
3.100,10.480,16.900,150.000,15.800,58.800,36.500,0.024,0.024,0.360,0.794,10.819,0.057,2.010,6.810,7.530,5.000,3.500,3.038,1.020,3.480,0.010,0.390,1.190,0.870,0.005,2.410,0.000,0.000,0.000,0.000,0.000,0.000,0.000,0.036,0.042,0.000,0.000,0.000,0.000,0.000,0.000,0.000,0.000,0.000,0.000,0.000,0.024,0.000,0.000,0.000,0.000,0.000,0.000,0.000,0.000,0.000,0.000
2.600,10.800,17.100,117.500,24.700,58.600,20.900,0.100,0.045,0.178,0.715,9.962,0.054,2.111,7.780,7.480,7.900,3.600,5.870,0.850,3.650,0.000,1.130,1.160,0.000,0.000,2.470,0.000,0.000,0.000,0.004,0.018,0.000,0.000,0.000,0.025,0.000,0.000,0.000,0.000,0.001,0.000,0.000,0.000,0.000,0.000,0.000,0.017,0.000,0.000,0.000,0.000,0.000,0.000,0.000,0.000,0.000,0.000
2.400,10.920,17.000,122.500,17.400,12.100,78.500,0.085,0.039,0.305,0.301,6.759,0.038,2.641,7.550,7.780,7.500,3.400,7.126,1.220,3.470,0.460,0.780,0.700,0.000,0.000,2.910,0.000,0.000,0.000,0.000,0.000,0.000,0.000,0.004,0.006,0.000,0.000,0.000,0.000,0.000,0.000,0.000,0.000,0.000,0.000,0.000,0.030,0.000,0.000,0.002,0.000,0.000,0.000,0.000,0.000,0.000,0.000
2.200,10.800,17.000,110.000,12.000,20.600,118.400,0.104,0.043,0.388,0.259,5.258,0.071,2.834,7.210,8.450,5.000,2.300,12.250,1.210,2.200,0.000,0.790,0.790,0.210,0.002,1.720,0.000,0.000,0.000,0.000,0.000,0.000,0.000,0.004,0.018,0.000,0.000,0.000,0.000,0.000,0.000,0.000,0.000,0.000,0.000,0.000,0.021,0.000,0.000,0.002,0.000,0.000,0.000,0.000,0.000,0.000,0.000
3.600,10.220,17.100,106.250,19.000,10.700,116.100,0.016,0.016,0.587,0.284,6.193,0.012,2.396,6.940,9.630,3.000,3.400,1.684,0.700,4.270,0.290,1.140,0.000,0.000,0.000,3.010,0.000,0.000,0.000,0.000,0.000,0.203,0.000,0.000,0.004,0.030,0.000,0.000,0.016,0.045,0.008,0.000,0.000,0.000,0.000,0.000,0.286,0.007,0.002,0.000,0.022,0.000,0.000,0.000,0.004,0.000,0.000
3.300,10.280,16.800,122.500,14.400,15.200,149.300,0.015,0.016,0.670,0.441,6.383,0.027,2.568,6.600,9.400,5.000,3.400,2.153,0.360,4.690,0.170,1.190,0.890,0.050,0.000,2.410,0.000,0.000,0.000,0.000,0.329,0.850,0.000,0.000,0.004,0.022,0.000,0.000,0.011,0.043,0.008,0.000,0.000,0.000,0.000,0.000,1.089,0.013,0.000,0.000,0.014,0.000,0.000,0.000,0.001,0.000,0.000
1.900,9.940,16.300,128.750,14.900,1.400,166.800,0.014,0.027,0.659,0.573,6.952,0.054,2.826,7.587,12.390,6.000,3.000,2.752,2.960,2.770,0.310,4.050,0.020,0.000,0.000,3.020,0.000,0.000,0.000,0.000,0.026,0.000,0.000,0.018,0.000,0.000,0.000,0.000,0.000,0.002,0.000,0.000,0.000,0.000,0.000,0.000,0.053,0.000,0.001,0.000,0.000,0.000,0.000,0.000,0.000,0.000,0.000
3.100,10.100,16.800,161.250,16.600,13.800,178.600,0.023,0.027,0.502,1.141,8.100,0.056,2.671,7.210,12.001,4.000,3.400,3.012,1.410,3.180,0.430,5.840,0.290,0.470,0.000,3.160,0.000,0.000,0.000,0.000,0.000,0.000,0.000,0.024,0.004,0.001,0.000,0.000,0.000,0.000,0.000,0.000,0.000,0.000,0.000,0.000,0.057,0.001,0.001,0.000,0.000,0.000,0.000,0.000,0.000,0.000,0.000
3.500,10.160,16.300,143.750,21.900,9.400,152.800,0.026,0.027,0.473,0.866,7.561,0.038,2.752,7.080,11.222,3.500,3.200,2.420,1.070,2.800,0.070,2.200,0.090,0.000,0.090,4.190,0.000,0.000,0.000,0.000,0.000,0.017,0.028,0.009,0.005,0.002,0.000,0.000,0.000,0.000,0.000,0.000,0.000,0.000,0.000,0.000,0.012,0.000,0.000,0.000,0.000,0.000,0.000,0.000,0.000,0.000,0.000
3.300,9.990,16.400,123.750,33.300,11.300,111.300,0.048,0.026,0.652,0.541,8.127,0.053,2.568,6.903,11.045,5.000,3.400,2.222,1.600,4.270,0.280,2.170,0.780,0.310,0.000,3.980,0.000,0.000,0.000,0.000,0.000,0.000,0.000,0.013,0.004,0.001,0.000,0.000,0.000,0.001,0.000,0.000,0.000,0.000,0.000,0.000,0.009,0.001,0.001,0.000,0.000,0.000,0.001,0.000,0.000,0.000,0.000
2.800,10.120,16.000,166.250,22.000,25.500,171.100,0.032,0.029,0.570,0.402,4.726,0.033,2.850,7.080,12.803,6.000,3.000,2.773,1.690,1.980,0.350,1.650,0.040,0.030,0.003,2.820,0.000,0.000,0.000,0.000,0.000,0.050,0.000,0.019,0.011,0.000,0.000,0.000,0.000,0.000,0.002,0.001,0.000,0.000,0.000,0.000,0.048,0.000,0.000,0.000,0.000,0.000,0.000,0.000,0.000,0.000,0.000
2.300,10.180,15.800,170.000,21.100,8.900,143.300,0.066,0.032,0.522,0.860,8.540,0.056,2.752,7.375,14.195,7.000,3.300,4.645,2.720,7.260,0.100,3.780,0.060,0.490,0.000,3.990,0.000,0.000,0.000,0.000,0.000,0.000,0.000,0.013,0.007,0.001,0.000,0.000,0.000,0.005,0.000,0.000,0.000,0.000,0.000,0.000,0.053,0.005,0.004,0.000,0.000,0.000,0.016,0.000,0.000,0.000,0.000
1.600,10.110,16.100,217.500,22.800,11.900,89.000,0.029,0.027,0.651,0.176,7.138,0.016,2.810,8.024,16.402,7.500,2.000,2.456,2.850,4.730,0.150,5.240,0.360,0.000,0.000,4.630,0.000,0.000,0.000,0.000,0.000,0.000,0.000,0.007,0.001,0.000,0.000,0.000,0.000,0.003,0.000,0.000,0.000,0.000,0.000,0.000,0.029,0.001,0.002,0.000,0.000,0.000,0.002,0.000,0.000,0.000,0.000
3.200,9.040,20.100,90.000,5.100,8.200,199.600,0.013,0.060,0.561,0.986,7.609,0.020,2.517,8.064,9.136,6.000,3.700,14.314,1.460,1.190,0.005,1.490,0.000,0.000,0.000,1.020,0.000,0.000,0.000,0.000,3.251,1.055,1.506,0.000,0.009,0.045,0.000,0.000,0.000,0.114,0.447,0.000,0.369,0.000,0.000,0.362,0.055,3.697,0.003,0.167,0.000,0.000,0.000,0.118,0.000,0.005,0.000
3.300,9.660,20.300,58.800,9.200,12.500,146.700,0.016,0.039,0.577,0.435,6.336,0.022,2.452,8.100,6.380,4.000,3.700,5.978,1.700,3.110,0.080,1.080,0.080,0.060,0.000,0.560,0.000,0.000,0.000,0.000,0.812,1.240,3.919,0.000,0.018,0.206,0.000,0.000,0.000,0.000,0.203,0.000,0.102,0.000,0.000,0.103,0.098,2.541,0.008,0.026,0.000,0.000,0.000,0.050,0.000,0.004,0.000
3.300,9.350,20.100,102.500,7.000,63.800,87.900,0.012,0.047,0.539,1.158,11.065,0.014,2.650,7.592,9.470,6.000,3.300,8.429,5.980,3.550,0.120,3.290,0.500,0.070,0.470,4.800,0.000,0.000,0.000,0.000,0.015,0.053,0.000,0.052,0.000,0.084,0.000,0.000,0.000,0.000,0.009,0.000,0.000,0.000,0.000,0.000,0.021,0.034,0.003,0.000,0.000,0.000,0.000,0.000,0.000,0.000,0.000
3.200,9.140,20.200,127.500,9.700,83.600,88.700,0.020,0.129,0.564,0.962,9.203,0.019,2.429,7.800,7.816,7.000,3.500,15.361,12.220,2.050,0.030,2.570,0.700,0.130,0.040,4.800,0.000,0.000,0.000,0.000,0.000,0.033,0.044,0.000,0.017,0.004,0.000,0.000,0.000,0.000,0.001,0.000,0.000,0.000,0.000,0.001,0.015,0.022,0.007,0.000,0.000,0.000,0.000,0.000,0.000,0.000,0.000
3.300,9.150,20.100,101.300,11.100,18.400,263.600,0.024,0.056,0.690,1.199,6.718,0.025,2.319,7.982,8.082,7.000,3.500,7.207,13.340,2.820,0.200,1.260,0.080,0.000,0.010,4.800,0.000,0.000,0.000,0.000,0.000,0.044,0.005,0.000,0.006,0.001,0.000,0.000,0.000,0.000,0.004,0.004,0.000,0.000,0.000,0.003,0.023,0.025,0.005,0.000,0.000,0.000,0.000,0.000,0.000,0.000,0.000
3.700,8.840,20.200,112.500,2.200,57.800,154.500,0.016,0.060,0.525,0.950,7.231,0.017,2.190,8.125,7.939,7.500,3.200,34.545,3.300,2.640,0.130,3.290,0.930,0.000,0.000,3.050,0.000,0.000,0.000,0.000,0.000,0.042,0.000,0.000,0.014,0.006,0.000,0.000,0.000,0.000,0.007,0.000,0.000,0.008,0.000,0.000,0.019,0.015,0.007,0.001,0.000,0.000,0.000,0.000,0.000,0.000,0.000
3.700,8.630,19.800,125.000,6.800,4.600,195.300,0.013,0.072,0.456,1.410,9.439,0.020,2.163,8.580,7.292,7.000,3.500,12.500,2.990,1.450,0.000,2.700,0.550,0.000,0.000,2.240,0.000,0.000,0.000,0.000,0.000,0.013,0.000,0.000,0.007,0.003,0.000,0.000,0.000,0.000,0.005,0.000,0.000,0.000,0.000,0.005,0.027,0.019,0.008,0.000,0.000,0.000,0.000,0.000,0.000,0.000,0.000
3.500,9.150,19.400,170.000,3.300,69.100,194.500,0.020,0.049,0.488,1.341,7.111,0.015,2.317,8.073,10.927,7.000,2.200,20.909,2.210,1.760,0.260,2.740,0.830,0.020,0.040,2.990,0.000,0.000,0.000,0.000,0.000,0.015,0.000,0.000,0.061,0.011,0.003,0.000,0.000,0.000,0.000,0.000,0.000,0.000,0.000,0.000,0.028,0.023,0.009,0.000,0.000,0.000,0.000,0.000,0.000,0.000,0.000
3.700,9.150,20.600,61.250,16.500,35.600,92.400,0.026,0.019,0.512,0.960,10.498,0.008,2.691,8.532,7.908,6.000,3.500,2.727,3.240,4.120,0.450,0.340,0.020,0.000,0.000,1.330,0.000,0.000,1.237,0.000,0.000,0.734,2.624,0.000,0.009,0.098,0.000,0.000,0.000,0.000,0.006,0.000,0.000,0.000,0.000,0.000,0.379,1.730,0.087,0.000,0.000,0.023,0.000,0.000,0.000,0.000,0.000
3.500,9.030,20.100,67.500,9.200,33.100,116.000,0.027,0.015,0.643,0.783,9.274,0.014,2.656,8.280,9.984,8.500,3.900,4.565,1.240,4.940,0.060,0.960,0.020,0.050,0.000,1.900,0.000,0.000,0.183,0.000,0.000,0.340,1.833,0.000,0.004,0.024,0.000,0.000,0.000,0.000,0.007,0.000,0.000,0.000,0.000,0.000,0.098,1.032,0.057,0.000,0.000,0.000,0.000,0.000,0.000,0.000,0.000
3.600,9.340,20.400,70.000,14.600,10.600,112.800,0.018,0.009,0.547,0.796,9.928,0.017,2.731,7.500,10.188,11.000,2.900,1.849,5.910,2.380,0.020,2.230,0.230,0.160,0.000,3.650,0.000,0.000,0.000,0.000,0.000,0.000,0.000,0.000,0.009,0.001,0.034,0.000,0.000,0.000,0.000,0.000,0.000,0.000,0.000,0.000,0.033,0.001,0.024,0.000,0.000,0.000,0.000,0.000,0.000,0.000,0.000
3.200,9.630,20.300,66.250,10.500,20.700,144.800,0.019,0.024,0.588,0.780,8.017,0.008,2.866,7.572,7.752,6.500,3.000,4.095,5.490,2.170,0.210,0.960,0.170,0.120,0.000,5.870,0.000,0.000,0.079,0.000,0.000,0.000,0.167,0.014,0.018,0.002,0.000,0.000,0.000,0.000,0.000,0.000,0.000,0.000,0.000,0.000,0.036,0.022,0.007,0.000,0.000,0.000,0.000,0.000,0.000,0.000,0.000
3.800,8.910,20.500,76.250,5.500,15.400,148.000,0.014,0.021,0.541,0.895,8.709,0.006,2.650,7.584,8.508,6.000,3.500,6.364,5.120,1.900,0.360,1.350,0.290,0.110,0.000,3.070,0.000,0.000,0.014,0.000,0.000,0.000,0.062,0.000,0.003,0.000,0.046,0.000,0.000,0.004,0.000,0.000,0.000,0.000,0.000,0.000,0.033,0.017,0.007,0.000,0.000,0.000,0.000,0.000,0.000,0.000,0.000
3.400,8.980,20.300,76.250,14.400,13.200,134.000,0.017,0.038,0.526,0.807,8.589,0.022,2.913,7.620,10.356,10.000,3.100,3.819,4.980,2.370,0.160,0.800,0.330,0.340,0.000,2.700,0.000,0.000,0.000,0.000,0.000,0.000,0.004,0.014,0.004,0.000,0.015,0.000,0.000,0.000,0.000,0.000,0.000,0.000,0.000,0.000,0.022,0.019,0.011,0.000,0.000,0.000,0.000,0.000,0.000,0.000,0.000
3.700,8.420,20.500,92.500,8.200,12.100,165.800,0.024,0.024,0.553,0.996,8.581,0.011,2.926,7.764,11.376,10.000,2.800,5.854,4.710,1.490,0.000,1.200,0.270,0.050,0.000,3.570,0.000,0.000,0.000,0.000,0.000,0.000,0.021,0.009,0.001,0.001,0.020,0.000,0.000,0.000,0.000,0.000,0.000,0.000,0.000,0.000,0.034,0.020,0.013,0.000,0.000,0.000,0.000,0.000,0.000,0.000,0.000
3.200,8.470,20.100,92.500,1.400,20.800,181.700,0.026,0.032,0.682,0.848,7.788,0.018,2.777,8.004,9.360,7.000,2.900,41.429,6.530,2.270,0.120,1.580,0.350,0.040,0.050,3.710,0.000,0.000,0.000,0.000,0.000,0.008,0.000,0.032,0.003,0.002,0.057,0.000,0.000,0.000,0.002,0.000,0.000,0.000,0.000,0.000,0.031,0.022,0.019,0.000,0.000,0.000,0.000,0.000,0.000,0.000,0.000
3.100,8.490,19.800,82.500,8.900,9.300,222.800,0.021,0.038,0.562,1.103,7.154,0.016,2.814,8.136,8.520,6.000,2.200,6.629,5.420,2.280,0.280,2.300,0.680,0.000,0.000,4.910,0.000,0.000,0.035,0.000,0.000,0.042,0.075,0.000,0.005,0.001,0.032,0.000,0.000,0.000,0.000,0.000,0.000,0.000,0.000,0.000,0.033,0.014,0.009,0.000,0.000,0.000,0.000,0.000,0.000,0.000,0.000
4.400,9.960,16.200,98.750,23.300,7.000,136.700,0.058,0.015,0.248,1.107,8.551,0.022,2.796,7.800,10.608,7.700,3.400,3.133,3.790,3.500,0.880,1.370,0.430,0.100,0.540,3.440,0.000,0.000,0.037,0.000,1.044,0.000,2.192,0.000,0.004,0.045,0.000,0.000,0.000,0.046,0.038,0.000,0.049,0.000,0.000,0.000,0.095,0.149,0.002,0.006,0.000,0.000,0.003,0.002,0.000,0.000,0.000
4.300,9.860,16.400,95.000,24.200,12.500,170.400,0.060,0.020,0.276,1.268,7.842,0.037,2.788,7.332,9.789,7.300,3.400,3.306,6.730,3.470,0.450,1.960,0.130,0.190,0.890,3.630,0.000,0.000,0.034,0.000,0.541,0.000,3.122,0.000,0.005,0.097,0.000,0.000,0.000,0.075,0.097,0.000,0.078,0.000,0.000,0.000,0.107,0.231,0.008,0.007,0.000,0.000,0.004,0.004,0.001,0.001,0.000
3.700,9.860,16.200,112.500,9.700,21.400,186.300,0.040,0.052,0.838,0.626,7.157,0.040,2.953,7.670,13.630,7.000,3.100,9.485,8.280,2.840,0.310,1.670,0.410,0.030,0.310,5.400,0.000,0.000,0.000,0.000,0.000,0.031,0.000,0.024,0.005,0.000,0.025,0.000,0.000,0.000,0.010,0.000,0.000,0.000,0.000,0.000,0.008,0.022,0.004,0.000,0.000,0.000,0.000,0.000,0.000,0.000,0.000
4.500,9.930,16.300,117.500,23.900,30.300,191.500,0.033,0.029,0.406,1.181,6.711,0.050,2.904,7.018,13.065,8.500,3.200,2.594,5.670,2.310,0.480,1.480,0.230,0.050,0.420,3.940,0.000,0.000,0.038,0.000,0.000,0.027,0.000,0.028,0.004,0.001,0.000,0.000,0.000,0.006,0.000,0.000,0.000,0.001,0.000,0.000,0.019,0.011,0.003,0.000,0.000,0.000,0.000,0.000,0.000,0.000,0.000
4.600,10.020,16.200,115.000,31.400,32.400,37.800,0.024,0.024,0.549,0.476,10.561,0.031,2.665,7.090,11.412,10.200,3.300,1.529,5.850,1.530,0.120,1.240,0.190,0.040,0.000,3.960,0.000,0.000,0.000,0.000,0.000,0.022,0.000,0.027,0.016,0.002,0.000,0.000,0.000,0.009,0.002,0.000,0.000,0.010,0.000,0.003,0.062,0.014,0.001,0.000,0.000,0.000,0.000,0.000,0.000,0.000,0.000
4.500,9.930,16.300,113.750,7.100,20.600,223.200,0.021,0.032,0.482,0.812,5.369,0.019,2.967,7.061,11.759,9.500,3.400,7.465,4.110,0.750,0.360,1.490,0.070,0.000,0.060,2.460,0.000,0.000,0.000,0.000,0.000,0.016,0.010,0.016,0.004,0.001,0.000,0.000,0.000,0.005,0.002,0.011,0.000,0.005,0.000,0.000,0.036,0.011,0.000,0.001,0.000,0.000,0.000,0.000,0.000,0.000,0.000
4.200,10.300,16.000,102.500,19.500,58.800,97.100,0.027,0.048,0.572,0.380,5.855,0.038,2.875,7.105,12.441,10.500,3.300,3.846,4.940,0.870,0.080,1.520,0.260,0.000,0.010,4.080,0.000,0.000,0.000,0.000,0.000,0.018,0.030,0.067,0.003,0.000,0.000,0.000,0.000,0.018,0.007,0.052,0.000,0.012,0.000,0.002,0.047,0.017,0.001,0.000,0.000,0.000,0.000,0.000,0.000,0.000,0.000
4.100,10.100,16.000,120.000,14.900,9.000,235.600,0.034,0.028,0.682,0.688,5.518,0.071,2.862,7.207,13.050,11.500,2.200,4.161,6.380,2.290,0.390,2.470,0.740,0.310,0.060,5.320,0.000,0.000,0.000,0.000,0.000,0.014,0.019,0.034,0.019,0.001,0.000,0.000,0.000,0.000,0.009,0.016,0.000,0.003,0.000,0.000,0.037,0.014,0.001,0.000,0.000,0.000,0.000,0.000,0.000,0.000,0.000
3.758,9.660,18.100,59.000,3.200,22.800,103.400,0.016,0.008,0.582,0.576,9.134,0.037,2.264,8.172,8.492,1.000,3.400,7.500,10.800,1.640,0.290,0.230,0.000,0.000,0.000,2.490,0.000,0.000,0.000,0.000,0.054,0.021,0.000,0.000,0.000,0.000,0.000,0.000,0.000,0.000,0.002,0.000,0.000,0.000,0.000,0.000,0.043,0.027,0.019,0.000,0.000,0.000,0.000,0.000,0.003,0.003,1.000
3.107,10.360,19.500,46.000,4.300,22.300,92.700,0.026,0.021,0.693,0.689,11.978,0.017,2.262,7.848,8.832,0.000,2.900,10.930,4.910,2.840,0.090,2.000,0.000,0.000,0.000,3.040,0.000,0.000,0.000,0.000,0.000,0.000,0.000,0.427,0.046,0.036,0.000,0.000,0.000,0.476,0.110,0.097,0.000,0.000,0.000,0.000,0.180,0.331,0.208,0.000,0.000,0.000,0.017,0.000,0.010,0.010,1.000
2.619,11.560,19.000,42.000,11.700,30.300,73.200,0.022,0.048,0.383,1.006,12.665,0.024,2.216,7.536,9.240,0.000,3.000,5.983,6.620,2.030,0.000,1.390,1.650,0.000,0.000,0.810,0.000,0.000,0.000,0.000,0.000,0.000,0.000,2.898,0.095,0.000,0.000,0.000,0.000,0.232,0.060,0.000,0.000,0.000,0.000,0.000,0.030,0.150,0.134,0.016,0.000,0.000,0.006,0.000,0.011,0.002,1.000
3.270,9.660,17.600,59.000,7.300,14.900,45.000,0.032,0.017,0.718,0.586,20.134,0.037,2.180,7.843,7.979,5.000,3.200,6.712,3.370,2.670,0.000,0.250,0.250,0.000,0.000,2.580,0.000,0.000,0.000,0.000,0.000,0.000,0.004,0.000,0.003,0.003,0.000,0.000,0.000,0.000,0.000,0.000,0.000,0.000,0.000,0.000,0.027,0.007,0.005,0.000,0.000,0.000,0.000,0.000,0.000,0.000,1.000
2.710,12.120,19.700,72.000,7.800,13.600,111.200,0.015,0.024,0.309,1.374,12.986,0.019,2.192,8.206,8.718,1.000,1.900,5.000,7.360,6.580,0.000,0.470,0.220,0.000,0.000,2.280,0.000,0.000,0.000,0.000,0.000,0.000,0.034,0.000,0.014,0.005,0.012,0.000,0.000,0.010,0.001,0.000,0.000,0.000,0.000,0.000,0.007,0.005,0.002,0.000,0.000,0.000,0.000,0.002,0.000,0.000,1.000
3.378,9.420,17.800,58.000,16.200,37.700,60.300,0.028,0.023,0.420,0.713,10.368,0.017,2.190,7.139,8.759,4.000,3.400,3.148,3.520,5.040,0.000,0.300,0.230,0.000,0.000,4.050,0.000,0.000,0.000,0.000,0.000,0.000,0.014,0.000,0.010,0.001,0.011,0.000,0.000,0.000,0.002,0.000,0.000,0.000,0.000,0.000,0.044,0.016,0.005,0.000,0.000,0.000,0.000,0.000,0.000,0.000,1.000
3.234,9.830,20.000,42.500,14.300,9.300,108.100,0.014,0.091,0.716,0.642,11.109,0.163,2.588,10.290,7.530,7.000,3.500,7.343,11.710,5.200,0.010,0.290,0.210,0.000,0.000,3.140,0.000,0.000,1.474,0.000,4.931,5.823,1.379,0.000,0.041,0.176,0.000,0.000,0.000,0.000,0.000,0.000,0.000,0.000,0.000,0.000,0.014,0.603,0.064,0.000,0.474,0.887,0.000,0.000,0.006,0.000,1.000
2.638,9.370,19.900,56.250,15.400,19.800,197.100,0.004,0.025,0.838,0.441,5.631,0.017,2.215,10.580,8.070,4.000,3.000,1.883,3.010,5.360,0.070,0.920,0.110,0.000,0.000,1.440,0.000,0.000,0.000,0.000,0.620,0.000,0.695,11.041,0.090,0.101,0.000,0.000,0.000,0.000,0.006,0.000,0.000,0.000,0.000,0.000,0.012,0.607,0.152,0.000,0.080,0.015,0.000,0.000,0.003,0.000,1.000
2.963,9.480,19.800,67.500,12.500,4.100,118.400,0.004,0.035,0.803,0.705,11.459,0.022,2.490,10.860,9.690,2.000,2.800,3.120,7.950,3.860,0.000,1.280,0.100,0.000,0.000,1.670,0.000,0.000,0.000,0.000,1.580,0.000,0.000,6.201,0.081,0.068,0.000,0.000,0.000,0.000,0.020,0.000,0.000,0.000,0.000,0.000,0.011,0.576,0.100,0.000,0.086,0.020,0.000,0.000,0.007,0.000,1.000
3.252,9.800,20.300,70.000,13.900,0.800,122.700,0.017,0.037,0.614,1.081,12.729,0.036,2.738,10.210,9.330,1.000,3.000,3.885,4.180,14.330,0.000,0.060,0.240,0.000,0.000,2.330,0.000,0.000,0.000,0.001,0.047,0.159,0.000,0.009,0.001,0.001,0.000,0.000,0.000,0.000,0.000,0.000,0.000,0.000,0.000,0.000,0.001,0.007,0.000,0.000,0.000,0.000,0.000,0.000,0.000,0.000,1.000
3.342,11.150,20.000,68.750,10.900,51.000,107.900,0.012,0.029,0.543,1.126,10.071,0.035,2.891,10.260,9.740,2.000,1.800,3.761,5.400,12.190,0.120,0.430,0.380,0.000,0.000,4.430,0.000,0.000,0.000,0.000,0.099,0.000,0.035,0.000,0.039,0.012,0.000,0.000,0.000,0.000,0.000,0.000,0.000,0.000,0.000,0.000,0.001,0.040,0.004,0.000,0.000,0.000,0.000,0.000,0.000,0.000,1.000
3.487,9.740,20.400,52.500,11.600,39.100,135.400,0.017,0.042,0.840,0.646,8.302,0.025,2.629,9.820,7.730,4.000,3.600,5.086,7.270,5.700,0.000,0.460,0.070,0.000,0.000,1.770,0.000,0.000,0.000,0.000,0.014,0.383,0.000,0.015,0.004,0.002,0.024,0.000,0.000,0.000,0.000,0.000,0.000,0.000,0.000,0.000,0.001,0.015,0.002,0.000,0.000,0.000,0.000,0.000,0.000,0.000,1.000
4.020,10.030,19.900,55.710,26.100,61.300,81.000,0.026,0.040,0.961,0.653,9.976,0.062,3.056,10.000,12.935,4.500,3.500,2.529,10.990,3.930,0.000,0.590,0.470,0.000,0.000,0.790,0.000,0.000,6.083,0.000,0.584,0.792,3.292,1.344,0.123,0.130,0.000,0.000,0.000,0.000,0.000,0.000,0.000,0.000,0.000,0.000,0.016,2.850,0.269,0.000,0.054,0.040,0.000,0.000,0.000,0.000,1.000
3.140,8.710,20.700,58.570,20.300,46.200,99.500,0.030,0.028,0.809,0.857,10.386,0.033,3.104,9.870,12.390,5.500,3.000,2.857,4.800,5.360,0.000,0.420,0.320,0.000,0.000,0.440,0.000,0.000,19.292,0.000,0.414,0.000,0.363,3.796,0.428,0.077,0.000,0.000,0.000,0.000,0.000,0.000,0.000,0.000,0.000,0.000,0.040,2.154,0.163,0.000,0.035,0.072,0.000,0.000,0.003,0.000,1.000
3.230,8.800,19.800,67.140,14.700,24.100,241.100,0.024,0.045,0.975,0.892,6.917,0.023,3.127,9.850,13.160,10.000,3.000,4.694,7.430,6.110,0.000,3.040,1.480,0.000,0.000,0.950,0.000,0.000,10.385,0.000,0.135,0.000,7.155,11.580,0.075,0.117,0.000,0.000,0.000,0.000,0.000,0.000,0.000,0.000,0.000,0.000,0.068,2.851,0.225,0.000,0.021,0.086,0.000,0.000,0.000,0.000,1.000
3.680,10.420,20.600,60.000,7.400,9.900,106.400,0.043,0.078,0.735,0.697,12.555,0.038,1.947,8.200,9.140,0.200,3.500,16.351,10.530,3.930,0.000,0.590,0.470,0.000,0.000,2.050,0.000,0.000,20.142,0.000,3.636,2.517,3.642,1.817,0.071,0.432,0.000,0.000,0.000,0.000,0.000,0.000,0.000,0.000,0.000,0.000,0.184,2.954,0.189,0.000,0.097,0.003,0.000,0.000,0.006,0.000,1.000
4.420,11.000,20.200,60.000,9.700,9.800,131.600,0.032,0.058,0.700,0.414,7.968,0.030,1.412,8.320,11.150,0.200,3.000,9.278,4.100,5.360,0.000,0.420,0.320,0.000,0.000,1.590,0.000,0.000,4.981,0.000,1.308,0.000,3.452,3.982,0.252,0.303,0.000,0.000,0.000,0.000,0.000,0.000,0.000,0.000,0.000,0.000,0.068,1.990,0.251,0.000,0.085,0.000,0.000,0.000,0.002,0.000,1.000
4.100,11.340,19.800,68.750,20.800,55.100,63.000,0.028,0.045,0.337,0.836,8.970,0.058,1.326,8.890,10.600,10.000,2.900,3.510,6.970,6.110,0.000,3.040,1.480,0.000,0.000,2.370,0.000,0.000,24.439,0.000,0.000,0.000,4.438,18.350,0.128,0.122,0.000,0.000,0.000,0.000,0.013,0.000,0.000,0.000,0.000,0.000,0.038,1.108,0.139,0.000,0.055,0.010,0.000,0.000,0.007,0.000,1.000
3.340,10.700,18.700,84.290,6.000,16.800,183.200,0.034,0.034,0.571,0.545,5.748,0.040,2.170,9.000,11.500,0.000,2.000,11.333,3.110,5.320,0.280,0.070,0.350,0.000,0.000,4.200,0.000,0.000,0.641,0.000,0.000,0.004,0.036,0.000,0.049,0.003,0.058,0.013,0.000,0.000,0.000,0.000,0.000,0.000,0.000,0.000,0.000,0.005,0.003,0.000,0.000,0.000,0.000,0.000,0.000,0.000,1.000
3.610,9.420,18.700,77.140,1.300,16.300,128.500,0.038,0.023,0.719,0.775,10.643,0.039,1.424,8.810,11.380,4.000,2.500,46.923,3.870,5.030,0.000,0.140,0.160,0.000,0.000,3.180,0.000,0.000,0.765,0.000,0.007,0.025,0.490,0.000,0.008,0.004,0.000,0.000,0.000,0.000,0.000,0.000,0.000,0.000,0.000,0.000,0.001,0.005,0.002,0.000,0.000,0.000,0.000,0.000,0.000,0.000,1.000
3.920,10.780,19.600,72.860,44.800,21.900,152.200,0.022,0.044,0.837,1.215,9.676,0.033,1.378,9.060,14.720,2.500,2.700,1.473,4.140,3.510,0.100,0.650,0.060,0.000,0.000,5.330,0.000,0.000,0.973,0.000,0.000,0.002,0.067,0.025,0.005,0.003,0.000,0.320,0.000,0.000,0.000,0.000,0.000,0.000,0.000,0.000,0.000,0.007,0.002,0.000,0.000,0.000,0.000,0.000,0.000,0.000,1.000
3.680,11.350,19.500,94.290,22.200,91.100,117.800,0.047,0.085,0.588,1.266,8.594,0.059,1.153,8.450,12.440,3.000,2.800,5.946,2.240,2.570,0.040,0.890,0.070,0.000,0.000,3.700,0.000,0.000,1.256,0.000,0.000,0.002,0.059,0.063,0.004,0.003,0.000,0.218,0.000,0.000,0.000,0.000,0.000,0.000,0.000,0.000,0.003,0.001,0.002,0.000,0.000,0.000,0.000,0.000,0.000,0.000,1.000
3.400,12.610,20.000,82.860,61.900,18.100,163.500,0.030,0.023,0.519,1.200,7.277,0.031,1.175,8.520,13.870,2.800,2.000,0.856,2.290,4.040,0.000,0.460,0.180,0.000,0.000,4.080,0.000,0.000,1.279,0.000,0.000,0.074,0.000,0.020,0.001,0.001,0.000,0.006,0.000,0.000,0.000,0.000,0.000,0.000,0.000,0.000,0.001,0.004,0.001,0.000,0.000,0.000,0.000,0.000,0.000,0.000,1.000
2.310,12.500,20.400,54.290,88.200,34.700,120.800,0.053,0.032,0.642,1.244,8.088,0.031,1.613,8.670,10.170,3.500,1.900,0.964,4.780,2.480,0.060,2.550,0.010,0.000,0.000,2.720,0.000,0.000,0.275,0.000,0.000,0.000,0.031,0.000,0.005,0.007,0.000,0.007,0.000,0.000,0.000,0.001,0.000,0.000,0.000,0.000,0.001,0.009,0.001,0.001,0.000,0.000,0.000,0.000,0.000,0.000,1.000
3.860,12.850,20.400,75.710,22.200,43.900,128.100,0.036,0.044,0.476,0.909,7.544,0.056,1.362,9.000,11.760,1.000,2.500,3.604,5.530,2.310,0.010,0.250,0.060,0.000,0.000,3.560,0.000,0.000,0.815,0.000,0.000,0.007,0.037,0.058,0.004,0.003,0.000,0.181,0.000,0.000,0.000,0.000,0.000,0.000,0.000,0.000,0.002,0.007,0.001,0.000,0.000,0.000,0.000,0.000,0.000,0.000,1.000
3.630,10.250,12.100,98.000,34.900,7.600,285.100,0.031,0.100,0.688,0.917,5.299,0.023,3.712,9.470,11.950,5.000,3.300,3.754,7.020,5.720,0.020,1.060,0.420,0.000,0.000,3.370,0.000,1.731,0.000,0.000,3.350,0.391,9.591,0.000,0.021,0.047,0.000,0.000,0.000,0.000,0.000,0.000,0.000,0.000,0.000,0.000,0.000,0.422,0.068,0.000,0.000,0.295,0.000,0.000,0.000,0.012,1.000
3.990,10.150,12.300,120.000,32.000,25.500,183.800,0.031,0.082,0.775,1.139,8.400,0.057,3.843,10.050,13.950,6.000,2.700,3.531,8.970,8.910,0.050,0.930,0.990,0.000,0.000,4.720,0.000,7.791,3.036,0.000,2.705,0.000,13.242,1.883,0.064,0.021,0.000,0.000,0.000,0.000,0.000,0.000,0.000,0.000,0.000,0.000,0.000,0.364,0.033,0.000,0.000,0.032,0.000,0.000,0.000,0.013,1.000
4.420,10.140,12.200,120.000,13.900,15.200,171.100,0.042,0.031,0.655,1.141,9.336,0.029,3.483,9.000,13.060,6.000,2.600,5.252,6.780,3.680,0.000,0.570,0.000,0.010,0.000,4.000,0.000,4.328,5.312,0.000,0.517,0.000,2.702,2.840,0.030,0.017,0.000,0.000,0.000,0.000,0.000,0.000,0.000,0.000,0.000,0.000,0.000,0.351,0.047,0.000,0.000,0.098,0.000,0.000,0.000,0.007,1.000
3.860,9.840,12.000,138.000,12.800,34.300,213.500,0.033,0.069,0.700,1.351,8.262,0.016,3.579,8.680,17.420,4.500,2.700,7.969,7.100,7.270,0.040,1.840,0.080,0.000,0.000,3.370,0.000,0.000,0.922,0.000,0.000,0.007,0.135,0.047,0.004,0.004,0.000,0.252,0.000,0.000,0.000,0.000,0.000,0.000,0.000,0.000,0.000,0.004,0.001,0.000,0.000,0.000,0.000,0.000,0.000,0.000,1.000
4.230,9.770,10.900,114.000,7.300,45.000,231.600,0.034,0.054,0.741,1.047,6.608,0.019,3.483,9.250,14.240,4.000,1.500,12.055,5.960,2.360,0.080,2.170,0.020,0.000,0.000,3.390,0.000,0.000,0.123,0.000,0.000,0.000,0.227,0.008,0.001,0.001,0.000,0.140,0.000,0.000,0.000,0.000,0.000,0.000,0.000,0.000,0.000,0.021,0.003,0.000,0.000,0.000,0.000,0.000,0.000,0.000,1.000
3.850,9.950,12.600,88.000,21.700,21.500,192.500,0.030,0.074,0.620,1.011,7.361,0.028,3.621,9.890,12.210,3.000,3.400,4.793,6.310,4.440,0.020,0.290,0.030,0.000,0.000,3.620,0.000,0.000,0.110,0.000,0.000,0.000,0.082,0.042,0.021,0.003,0.000,0.050,0.000,0.000,0.000,0.000,0.000,0.000,0.000,0.000,0.000,0.009,0.002,0.000,0.000,0.000,0.000,0.000,0.000,0.000,1.000
2.100,11.870,11.400,34.000,1.100,10.300,93.500,0.028,0.026,0.300,0.751,10.534,0.010,3.737,6.500,6.090,8.000,3.400,49.091,0.670,1.800,0.080,0.190,0.080,0.000,0.000,0.530,0.000,0.000,0.000,0.000,9.540,0.703,39.002,1.025,0.328,0.607,0.000,0.000,0.000,0.000,0.000,0.782,0.000,0.000,0.006,0.000,0.000,0.000,0.004,0.092,0.000,0.000,0.000,0.000,0.000,0.000,1.000
2.000,12.330,11.700,61.000,4.500,5.300,103.200,0.037,0.025,0.449,0.808,11.673,0.014,3.815,7.100,8.180,7.000,2.800,13.778,0.720,1.480,0.820,0.850,0.110,0.030,0.000,0.360,0.000,0.000,0.000,0.000,2.615,0.000,17.267,12.120,0.510,0.144,0.000,0.000,0.000,0.000,0.049,0.854,0.000,0.000,0.000,0.000,0.000,0.000,0.000,0.187,0.029,0.009,0.000,0.000,0.000,0.000,1.000
1.800,12.180,12.000,78.000,6.700,1.200,180.300,0.022,0.030,0.530,0.491,5.701,0.015,3.969,7.340,7.890,8.000,2.800,7.761,0.520,2.100,0.050,0.800,0.020,0.030,0.000,0.420,0.000,0.000,0.000,0.000,2.857,0.000,27.475,19.218,1.952,0.221,0.000,0.000,0.000,0.000,0.000,0.468,0.000,0.000,0.000,0.000,0.000,0.000,0.007,0.804,0.025,0.000,0.005,0.000,0.000,0.000,1.000
2.600,12.280,11.300,40.000,5.700,8.100,75.600,0.020,0.023,0.483,0.498,11.454,0.020,3.150,7.612,4.021,7.000,3.100,7.544,0.440,1.940,0.000,0.340,0.050,0.000,0.310,0.620,0.000,0.000,0.000,0.000,3.664,0.000,0.074,0.089,0.071,0.018,0.000,0.419,0.000,0.000,0.000,0.048,0.000,0.000,0.000,0.000,0.000,0.000,0.006,0.011,0.000,0.000,0.000,0.000,0.000,0.000,1.000
2.300,11.890,11.300,43.000,7.500,9.000,150.200,0.025,0.022,0.429,0.536,6.071,0.014,3.539,7.949,6.279,5.000,1.800,6.267,0.730,2.410,0.000,0.380,0.100,0.000,0.200,0.810,0.000,0.000,0.000,0.000,0.000,0.000,0.028,0.000,0.439,0.009,0.031,0.000,0.000,0.000,0.000,0.089,0.000,0.000,0.000,0.000,0.000,0.000,0.007,0.091,0.000,0.000,0.000,0.000,0.000,0.000,1.000
2.600,12.600,11.600,34.000,2.200,4.900,75.900,0.028,0.033,0.496,0.562,13.482,0.016,3.654,7.780,4.452,6.000,3.400,27.727,0.570,1.210,0.000,0.090,0.000,0.000,0.020,0.720,0.000,0.000,0.000,0.000,0.425,0.007,0.358,0.000,0.713,0.009,0.124,0.000,0.000,0.000,0.000,0.339,0.000,0.000,0.000,0.000,0.000,0.000,0.009,0.029,0.000,0.000,0.000,0.000,0.000,0.000,1.000
2.200,11.200,17.800,127.500,8.200,61.800,58.000,0.031,0.038,0.724,0.054,6.617,0.057,1.535,7.870,8.060,5.300,3.300,8.415,0.490,3.170,0.220,0.310,0.080,0.010,0.000,1.120,0.000,0.000,0.000,0.000,0.000,0.000,0.245,0.000,0.019,0.039,0.000,0.000,0.003,0.000,0.000,0.000,0.000,0.000,0.000,0.000,1.322,0.005,0.000,0.106,0.000,0.000,0.000,0.000,0.000,0.000,1.000
1.800,11.200,18.100,111.250,12.000,35.200,94.100,0.037,0.036,0.295,0.679,7.410,0.056,2.204,8.290,9.270,7.900,2.800,6.083,0.300,3.620,0.330,0.320,0.040,0.010,0.000,0.790,0.000,0.000,0.000,0.000,0.164,0.000,0.000,1.140,0.043,0.007,0.000,0.000,0.000,0.000,0.003,0.000,0.000,0.000,0.000,0.000,1.121,0.010,0.000,0.074,0.000,0.000,0.000,0.000,0.000,0.000,1.000
1.500,10.990,18.200,113.750,13.500,26.300,96.300,0.023,0.030,0.025,0.079,1.154,0.039,2.173,8.620,9.730,7.800,2.700,3.926,0.090,3.810,0.280,0.100,0.050,0.000,0.000,0.460,0.000,0.000,0.000,0.000,0.000,0.000,0.000,1.099,0.079,0.007,0.000,0.000,0.000,0.000,0.000,0.000,0.000,0.000,0.000,0.000,1.509,0.018,0.000,0.193,0.000,0.000,0.000,0.000,0.000,0.000,1.000
2.400,11.110,17.800,90.000,20.100,13.300,110.800,0.027,0.047,0.495,0.050,4.293,0.052,2.101,7.300,8.700,6.700,3.100,3.682,0.980,5.000,0.040,1.400,0.520,0.000,0.000,2.800,0.000,0.000,0.000,0.004,0.000,0.000,0.000,0.000,0.026,0.000,0.000,0.000,0.000,0.000,0.000,0.000,0.000,0.000,0.000,0.000,0.072,0.001,0.001,0.018,0.000,0.000,0.000,0.000,0.000,0.000,1.000
1.800,10.880,17.100,120.000,12.700,23.400,131.400,0.015,0.035,0.427,0.478,5.701,0.060,1.684,8.400,8.780,4.900,1.900,3.937,0.590,3.430,0.070,1.380,0.600,0.000,0.000,2.560,0.000,0.000,0.000,0.000,0.004,0.000,0.000,0.011,0.029,0.000,0.000,0.000,0.000,0.000,0.000,0.001,0.000,0.000,0.000,0.000,0.013,0.001,0.000,0.001,0.000,0.000,0.000,0.000,0.000,0.000,1.000
2.600,10.960,17.500,156.250,12.800,16.300,78.900,0.047,0.041,0.514,0.492,10.130,0.050,1.763,7.270,7.010,6.800,3.400,6.875,0.620,2.620,0.250,0.420,0.050,0.000,0.000,2.930,0.000,0.000,0.000,0.000,0.000,0.000,0.000,0.000,0.027,0.000,0.002,0.000,0.000,0.000,0.000,0.000,0.000,0.000,0.000,0.000,0.023,0.000,0.000,0.001,0.000,0.000,0.000,0.000,0.000,0.000,1.000
3.600,10.620,16.900,117.500,41.000,8.900,141.000,0.106,0.015,0.554,0.309,5.155,0.002,2.517,6.480,9.540,2.500,3.500,2.951,0.370,2.110,0.780,0.780,0.340,0.030,0.000,1.460,0.000,0.000,0.000,0.000,0.644,0.342,0.000,0.000,0.020,0.024,0.000,0.000,0.018,0.000,0.049,0.000,0.000,0.000,0.000,0.000,0.514,0.026,0.000,0.000,0.027,0.000,0.000,0.000,0.002,0.000,1.000
3.200,10.740,16.900,126.250,31.200,5.800,172.600,0.010,0.019,0.728,0.667,6.794,0.032,2.900,7.408,10.732,3.000,2.700,0.929,0.350,4.710,0.590,0.930,1.260,0.000,0.000,1.540,0.000,0.000,0.000,0.000,0.482,0.000,0.000,0.000,0.027,0.007,0.000,0.000,0.015,0.000,0.008,0.000,0.000,0.000,0.000,0.000,0.767,0.008,0.000,0.000,0.000,0.000,0.000,0.000,0.001,0.000,1.000
2.400,10.690,16.800,132.500,23.000,12.300,135.500,0.035,0.020,0.710,0.841,9.403,0.026,2.766,7.714,12.236,5.000,2.900,2.391,1.630,4.690,0.370,0.880,0.550,0.000,0.000,1.610,0.000,0.000,0.000,0.000,0.000,0.000,0.000,0.078,0.024,0.000,0.000,0.000,0.000,0.176,0.108,0.013,0.000,0.000,0.000,0.000,1.541,0.010,0.003,0.000,0.000,0.000,0.005,0.000,0.000,0.000,1.000
2.200,11.330,17.200,108.750,19.800,3.500,123.400,0.010,0.026,0.704,0.416,7.880,0.131,2.958,8.142,9.936,5.000,3.300,1.818,1.400,4.050,0.140,2.740,0.700,0.000,0.000,3.680,0.000,0.000,0.000,0.000,0.000,0.000,0.000,0.085,0.000,0.001,0.000,0.000,0.000,0.001,0.000,0.000,0.000,0.000,0.000,0.000,0.048,0.001,0.000,0.000,0.000,0.000,0.017,0.000,0.000,0.000,1.000
1.400,9.790,16.500,142.500,28.700,6.500,251.100,0.019,0.026,0.743,1.129,6.696,0.059,2.748,7.965,13.865,6.000,2.000,1.568,2.060,4.490,0.060,5.330,0.070,0.000,0.000,2.090,0.009,0.000,0.000,0.000,0.000,0.000,0.000,0.009,0.001,0.000,0.000,0.000,0.000,0.000,0.012,0.001,0.000,0.001,0.000,0.000,0.027,0.009,0.011,0.000,0.000,0.000,0.006,0.000,0.000,0.000,1.000
3.300,10.710,17.100,102.500,21.700,1.800,134.600,0.020,0.024,0.365,0.706,7.052,0.053,2.512,6.891,9.428,4.500,3.400,2.028,1.380,4.410,0.280,1.810,0.170,0.100,0.000,3.860,0.000,0.000,0.000,0.000,0.000,0.025,0.000,0.037,0.007,0.001,0.000,0.000,0.000,0.003,0.000,0.000,0.000,0.000,0.000,0.000,0.036,0.001,0.000,0.000,0.000,0.000,0.025,0.000,0.000,0.000,1.000
3.700,10.000,20.400,71.300,10.900,1.500,209.100,0.053,0.070,0.613,0.777,6.831,0.020,2.286,8.268,9.005,3.500,3.500,11.284,2.470,5.350,2.390,1.390,0.140,0.070,0.000,1.390,0.000,0.000,0.000,0.000,1.630,1.180,2.237,0.000,0.055,0.155,0.000,0.000,0.000,0.000,0.096,0.000,0.025,0.000,0.000,0.103,0.117,5.311,0.006,0.007,0.000,0.000,0.000,0.000,0.000,0.003,1.000
3.400,9.680,20.500,81.300,7.000,23.700,179.200,0.025,0.040,0.616,0.402,5.160,0.027,2.438,8.064,7.495,3.000,2.900,9.286,1.450,3.640,0.050,1.560,0.160,0.060,0.000,0.580,0.000,0.000,0.000,0.000,5.410,0.000,0.000,0.000,0.292,0.083,0.000,0.000,0.000,0.000,0.552,0.000,0.104,0.000,0.000,0.103,0.144,0.384,0.041,0.048,0.000,0.000,0.000,0.000,0.000,0.003,1.000
1.800,10.350,20.200,65.000,18.200,12.400,157.900,0.014,0.057,0.578,0.614,6.700,0.019,2.854,8.592,7.853,6.000,2.900,3.901,2.260,4.360,0.100,1.350,0.740,0.000,0.000,1.160,0.000,0.000,0.000,0.000,1.862,0.000,0.000,3.576,0.315,0.060,0.000,0.000,0.000,0.000,0.030,0.000,0.000,0.000,0.000,0.000,0.028,0.303,0.043,0.000,0.248,0.000,0.000,0.000,0.013,0.005,1.000
3.300,9.680,20.400,70.000,13.000,9.000,158.900,0.024,0.034,0.670,0.614,7.418,0.017,2.487,7.930,7.230,5.000,3.300,4.462,5.920,4.670,0.360,3.560,0.690,0.010,0.010,5.270,0.000,0.000,0.000,0.000,0.000,0.057,0.000,0.026,0.049,0.005,0.030,0.000,0.000,0.006,0.013,0.000,0.000,0.010,0.000,0.003,0.021,0.028,0.009,0.002,0.000,0.000,0.000,0.000,0.000,0.000,1.000
3.200,9.310,19.700,193.800,4.000,34.200,207.200,0.015,0.050,0.649,1.201,7.804,0.017,2.472,8.346,8.422,8.000,1.800,16.250,7.780,4.220,0.000,10.360,1.200,0.120,0.200,5.490,0.000,0.000,0.000,0.000,0.000,0.022,0.000,0.000,0.025,0.008,0.000,0.000,0.000,0.000,0.003,0.000,0.000,0.000,0.000,0.017,0.017,0.013,0.005,0.000,0.000,0.000,0.000,0.000,0.000,0.000,1.000
3.600,9.540,20.400,93.800,8.200,6.200,191.700,0.013,0.065,0.510,0.883,7.137,0.023,2.229,7.891,9.133,5.000,3.600,9.512,4.480,3.200,0.003,3.430,0.200,0.260,0.180,4.800,0.000,0.000,0.000,0.000,0.012,0.003,0.000,0.000,0.044,0.016,0.000,0.000,0.000,0.008,0.027,0.000,0.000,0.018,0.000,0.012,0.025,0.025,0.008,0.001,0.000,0.000,0.000,0.000,0.000,0.000,1.000
3.100,9.360,20.300,80.000,1.600,17.600,135.300,0.019,0.018,0.757,0.967,11.398,0.015,2.904,8.280,7.980,9.000,3.000,23.125,3.120,3.730,0.110,1.400,0.520,0.110,0.000,1.780,0.000,0.000,0.183,0.000,1.703,0.572,5.650,0.000,0.016,0.043,0.000,0.000,0.000,0.000,0.037,0.000,0.000,0.000,0.000,0.000,0.195,1.112,0.053,0.000,0.000,0.000,0.000,0.000,0.003,0.000,1.000
2.300,9.300,19.800,80.000,41.800,59.600,128.300,0.011,0.023,0.770,1.147,8.494,0.019,3.349,9.600,9.636,5.000,2.400,0.813,6.070,3.400,0.000,0.460,0.860,0.060,0.000,1.210,0.000,0.000,0.453,0.000,1.239,0.000,0.050,0.513,0.014,0.001,0.000,0.000,0.000,0.000,0.090,0.041,0.020,0.000,0.000,0.000,0.165,0.129,0.016,0.015,0.000,0.042,0.000,0.000,0.001,0.000,1.000
2.500,8.490,20.000,103.750,4.400,41.200,174.300,0.018,0.023,0.850,1.229,9.641,0.010,2.675,9.144,9.696,10.000,2.000,9.318,9.740,6.760,0.000,3.950,0.480,0.320,0.000,5.260,0.000,0.000,0.089,0.000,0.000,0.000,0.232,0.037,0.017,0.001,0.000,0.429,0.000,0.000,0.013,0.000,0.000,0.000,0.000,0.000,0.035,0.080,0.003,0.000,0.000,0.000,0.000,0.010,0.000,0.000,1.000
3.200,8.500,20.100,71.250,11.700,14.100,146.700,0.013,0.029,0.652,0.869,9.061,0.023,2.887,7.692,9.732,6.500,1.700,3.590,3.230,1.900,0.050,2.000,0.410,0.030,0.000,2.230,0.000,0.000,0.000,0.000,0.000,0.000,0.504,0.038,0.024,0.001,0.040,0.000,0.000,0.005,0.009,0.000,0.000,0.000,0.000,0.000,0.063,0.033,0.013,0.000,0.000,0.000,0.000,0.000,0.000,0.000,1.000
3.300,9.940,20.300,88.750,6.500,43.700,80.200,0.011,0.027,0.756,0.771,12.002,0.016,2.748,7.560,9.552,9.000,3.400,5.846,4.420,1.790,0.000,1.270,0.150,0.220,0.000,2.520,0.000,0.000,0.001,0.000,0.000,0.000,0.000,0.000,0.000,0.000,0.041,0.017,0.000,0.000,0.000,0.000,0.000,0.000,0.000,0.000,0.019,0.003,0.008,0.000,0.000,0.000,0.000,0.000,0.000,0.000,1.000
4.300,9.790,16.400,113.750,18.100,5.200,150.000,0.048,0.018,0.519,1.037,9.359,0.036,2.838,7.410,12.298,6.700,3.200,3.646,6.270,1.760,0.120,0.490,0.310,0.110,0.020,3.510,0.073,0.000,0.048,0.000,0.505,0.000,2.697,0.000,0.009,0.083,0.000,0.000,0.000,0.053,0.058,0.000,0.033,0.000,0.000,0.000,0.165,0.141,0.001,0.005,0.000,0.001,0.006,0.004,0.000,0.001,1.000
3.900,9.800,16.400,112.500,26.100,4.600,143.400,0.037,0.029,0.706,0.933,9.793,0.091,2.935,8.099,10.322,7.600,2.600,2.529,4.740,0.620,0.490,1.650,0.790,0.000,0.230,3.360,0.165,0.000,0.000,0.000,0.124,0.000,0.000,0.883,0.051,0.000,0.000,0.000,0.000,0.133,0.108,0.031,0.226,0.000,0.000,0.039,0.055,0.057,0.002,0.007,0.000,0.000,0.003,0.024,0.000,0.000,1.000
3.300,9.820,16.100,93.750,21.700,36.800,125.000,0.035,0.026,0.877,0.971,10.403,0.065,3.192,8.619,12.051,8.200,2.400,2.811,4.250,2.490,0.170,1.670,0.520,0.000,0.020,3.410,0.026,0.000,0.000,0.001,0.058,0.000,0.000,0.599,0.055,0.000,0.000,0.000,0.000,0.083,0.081,0.004,0.106,0.000,0.000,0.032,0.282,0.094,0.002,0.024,0.000,0.000,0.007,0.032,0.000,0.001,1.000
3.100,10.580,16.100,103.750,50.200,19.200,136.100,0.032,0.029,0.835,0.982,9.139,0.012,3.256,8.222,10.875,11.000,1.800,1.215,6.090,3.540,0.630,5.180,0.790,0.040,0.400,6.010,0.000,0.000,0.000,0.000,0.000,0.000,0.017,0.019,0.000,0.001,0.000,0.000,0.000,0.001,0.003,0.013,0.000,0.000,0.000,0.000,0.013,0.019,0.003,0.002,0.000,0.000,0.000,0.000,0.000,0.000,1.000
4.200,9.900,16.300,111.250,14.300,5.600,141.100,0.033,0.050,0.698,1.143,11.950,0.024,2.720,7.250,11.832,7.900,3.300,5.804,6.710,2.040,0.620,1.470,0.220,0.200,0.240,6.260,0.000,0.000,0.011,0.000,0.000,0.069,0.025,0.022,0.006,0.000,0.000,0.000,0.000,0.000,0.005,0.000,0.000,0.000,0.000,0.000,0.010,0.009,0.010,0.000,0.000,0.000,0.000,0.000,0.000,0.000,1.000
