PSU,O2,temp.,SS,SRP,DOP,PP,NH4N,NO3N,DON,PN,TN/TP,Fe,SiO4Si,DOC,TPOC,Windspeedinsitu,Depth,DINtoDIP,Cyanobacteria,Chlorophyceae,Euglenophyceae,Diatomophyceae,Flagellata   ,Dinoflagellata ,Cryptophytes,picophytoplankton,Bosmina longirostris,Ceriodaphnia sp.,Diaphanosoma brachyurum ,Leptodora kindtii,Acartia longiremis,Acartia tonsa,Eurytemora affinis,Cyclops sp. ,Nauplii Cyclopoida,Nauplii Calanoida,Thermocyclops oithonoides,Eurytemora lacustris,Anureopsis fissa,Ascomorpha saltans,Asplanchna priodonta,Brachionus angularis,Brachionus calyciflorus calyciflorus,Brachionus calyciflorus f.amphiceros,Brachionus calyciflorus spinosus,Brachionus calyciflorus f.anureiformis,Filinia longiseta,Keratella cochlearis cochlearis,Keratella cochlearis f.tecta,Keratella quadrata,Polyarthra vulgaris,Polyarthra platyptera,Pompholyx sp.,Synchaeta sp.,Trichocerca pusilla,Trichocerca similis,Years
3.757624,9.46,18.3,52,3.5,11.7,185,0.039,0.022,0.551,0.759,6.848151848,0.0121,2.3112,7.5,8.565,3.5,3.3,17.42857143,2.35,3.08,0.92,0.23,0,0,0,3.2,0,0,0,0,2.071,0.9298,0.9251,0,0.0025,0.0257,0,0,0,0.0068,0,0,0,0,0,0,1.3152,0.892,0.2714,0,0.0313,0,0,0,0.0045,0.0009,0
3.504707,9.89,19.1,50,4.4,17.5,111.3,0.02,0.025,0.123,1.181,10.12762763,0.0136,2.1157,7.86,8.52,0,3.6,10.22727273,6.39,2.87,0.49,0.01,0,0,0,2.42,0,0,0,0,0.5014,0.0378,0,0,0,0,0,0,0.0003,0,0.0556,0,0.0179,0,0,0,0.0769,0.064,0.0464,0,0.0111,0,0,0.0437,0.0041,0.002,0
3.757624,9.66,18.1,59,3.2,22.8,103.4,0.016,0.008,0.582,0.576,9.13446677,0.0368,2.2641,8.172,8.4915,1,3.4,7.5,10.8,1.64,0.29,0.23,0,0,0,2.49,0,0,0,0,0.0539,0.0207,0,0,0,0,0,0,0,0,0,0.0021,0,0,0,0,0.0426,0.027,0.0186,0,0,0,0,0,0.0028,0.0027,0
3.107266,10.36,19.5,46,4.3,22.3,92.7,0.026,0.021,0.693,0.689,11.9782062,0.0172,2.2623,7.848,8.832,0,2.9,10.93023256,4.91,2.84,0.09,2,0,0,0,3.04,0,0,0,0,0,0,0,0.4273,0.0459,0.0362,0,0,0,0,0.4763,0.1103,0.0974,0,0,0,0.1796,0.3306,0.2084,0,0,0,0.0167,0,0.0099,0.0103,0
2.6194975,11.56,19,42,11.7,30.3,73.2,0.022,0.048,0.383,1.006,12.66493056,0.0237,2.2164,7.536,9.24,0,3,5.982905983,6.62,2.03,0,1.39,1.65,0,0,0.81,0,0,0,0,0,0,0,2.8985,0.0951,0,0,0,0,0,0.2317,0.0599,0,0,0,0,0.0298,0.1502,0.1343,0.0159,0,0,0.0058,0,0.0112,0.0021,0
3.2698555,9.66,17.6,59,7.3,14.9,45,0.032,0.017,0.718,0.586,20.13392857,0.0368,2.1802,7.843,7.979,5,3.2,6.712328767,3.37,2.67,0,0.25,0.25,0,0,2.58,0,0,0,0,0,0,0.0039,0,0.0027,0.0028,0,0,0,0,0,0,0,0,0,0,0.0272,0.007,0.0054,0,0,0,0,0,0,0,0
2.709825,12.12,19.7,72,7.8,13.6,111.2,0.015,0.024,0.309,1.374,12.98642534,0.0187,2.192,8.206,8.7176,1,1.9,5,7.36,6.58,0,0.47,0.22,0,0,2.28,0,0,0,0,0,0,0.0336,0,0.0136,0.0048,0.0118,0,0,0,0.0101,0.0005,0,0,0,0,0.0067,0.0046,0.0022,0,0,0,0,0.0015,0,0,0
3.3782485,9.42,17.8,58,16.2,37.7,60.3,0.028,0.023,0.42,0.713,10.36777583,0.0172,2.1904,7.139,8.7586,4,3.4,3.148148148,3.52,5.04,0,0.3,0.23,0,0,4.05,0,0,0,0,0,0,0.014,0,0.0098,0.0007,0.0114,0,0,0,0,0.002,0,0,0,0,0.0444,0.0158,0.005,0,0,0,0.0001,0,0,0,0
3.721493,9.63,17.5,62,11.7,13,117.6,0.036,0.021,0.727,0.134,6.451159522,0.039,2.1817,7.535,8.4706,4,3.2,4.871794872,2.05,7.47,0,0.06,0.17,0,0,2.61,0,0,0,0,0.0931,0,0,0.0093,0.0138,0.0006,0.0091,0,0.0001,0,0.0014,0,0,0,0,0,0.0466,0.012,0.0044,0,0,0,0.0001,0,0,0,0
4.407982,9.54,18.4,55,7.4,16.2,124.7,0.023,0.024,0.566,0.895,10.16857721,0.0179,2.0537,7.282,8.702,3.5,3,6.351351351,6.3,5.03,0,0.11,0.1,0,0,2.49,0,0,0,0,0,0,0.0129,0.006,0.014,0.0155,0.0179,0,0.0001,0,0,0,0,0,0,0,0.0313,0.0079,0.004,0,0,0,0,0,0,0,0
4.3899165,9.34,17.8,53,13.8,21.4,84.4,0.031,0.03,0.022,1.069,9.632107023,0.0201,2.0666,7.37,7.8796,4,3.7,4.420289855,3.77,5.69,0,0.005,0.04,0,0.02,1.73,0,0,0,0,0,0,0.0141,0,0.0093,0.0007,0.0166,0,0.0001,0,0,0.0003,0,0,0,0,0.0491,0.0143,0.0019,0.0026,0,0,0.0001,0,0,0,0
4.046672,9.32,17.9,50,8.7,16,126.3,0.06,0.007,0.596,0.596,8.337748344,0.0361,2.081,7.051,8.285,4,3.5,7.701149425,1.87,2.64,0,0.05,0.02,0,0,1.5,0,0,0,0,0.0129,0,0.0145,0,0.0079,0.0009,0.0161,0,0.0004,0,0.0032,0.0007,0,0,0,0,0.0654,0.0093,0.0024,0,0,0,0.0003,0,0,0,0
3.396314,9.54,17.2,54,10.5,11.5,107.4,0.019,0.029,0.679,0.724,11.21329212,0.0216,2.1939,7.667,9.397,2,3.1,4.571428571,2.26,8.52,0,0.08,0.1,0,0.03,3.2,0,0,0,0,0.0101,0,0.0126,0,0.0178,0.0031,0,0,0.0001,0,0.0032,0.0003,0,0,0,0,0.0002,0.0168,0.0027,0,0,0,0,0,0,0,0
3.360183,9.11,17.3,51,1,75.9,55.4,0.022,0.024,0.557,0.939,11.74409749,0.0201,2.1157,7.92,8.8308,2,3.2,46,4,10.17,0,0.69,0.21,0,0,4.5,0,0,0,0,0,0,0.0062,0,0.0065,0.0092,0.0019,0,0.0001,0,0.0031,0.002,0.0003,0,0,0,0.0603,0.0103,0.0022,0,0,0,0,0.0007,0,0,0
4.1369995,9.6,17,61,7,13.4,128.7,0.07,0.034,0.569,0.915,10.65057009,0.0368,2.2199,8.206,9.2792,4,2.7,14.85714286,2.93,6.38,0,0.1,0.09,0,0,3.48,0,0,0,0,0.0385,0,0,0,0.0186,0.002,0,0,0.0001,0,0.0039,0.0003,0,0,0,0,0.0185,0.0111,0.0018,0,0,0,0,0,0,0,0
3.8479515,8.98,20.1,66,14.7,4.2,160.3,0.045,0.029,0.674,0.609,7.572544643,0.018,2.515,8.48,7.81,5,3.7,5.034013605,8.25,2.03,0,0.41,0.06,0,0,1.66,0,0,0,0,0.6266,0.8396,0.9683,0,0.0194,0.1187,0,0,0,0,0,0.004,0,0,0,0,0.0069,0.073,0.009,0,0.1674,0.104,0,0,0.001,0.0005,0
4.082803,10.46,20.5,53.75,11.7,16.6,161.3,0.002,0.043,0.536,1.034,8.517932489,0.019,2.502,9.73,8.81,3,3.6,3.846153846,16.2,8.59,0,0.31,0.16,0,0,2.37,0,0,0,0,3.0674,4.8824,1.769,0,0.028,0.0814,0,0,0,0,0,0.0255,0,0,0,0,0.0454,1.9235,0.0363,0.0179,0.149,0.4369,0,0,0.0019,0,0
3.2337245,9.83,20,42.5,14.3,9.3,108.1,0.014,0.091,0.716,0.642,11.10858011,0.163,2.588,10.29,7.53,7,3.5,7.342657343,11.71,5.2,0.01,0.29,0.21,0,0,3.14,0,0,1.4737,0,4.9312,5.8227,1.379,0,0.0407,0.1763,0,0,0,0,0,0,0,0,0,0,0.0141,0.6028,0.0641,0,0.4745,0.8874,0,0,0.0058,0,0
2.637563,9.37,19.9,56.25,15.4,19.8,197.1,0.004,0.025,0.838,0.441,5.630650022,0.017,2.215,10.58,8.07,4,3,1.883116883,3.01,5.36,0.07,0.92,0.11,0,0,1.44,0,0,0,0,0.6201,0,0.6945,11.0414,0.09,0.1005,0,0,0,0,0,0.006,0,0,0,0,0.0122,0.6068,0.1524,0,0.08,0.0147,0,0,0.0029,0,0
2.962742,9.48,19.8,67.5,12.5,4.1,118.4,0.004,0.035,0.803,0.705,11.45925926,0.022,2.49,10.86,9.69,2,2.8,3.12,7.95,3.86,0,1.28,0.1,0,0,1.67,0,0,0,0,1.5798,0,0,6.2014,0.0814,0.0679,0,0,0,0,0,0.0203,0,0,0,0,0.011,0.5757,0.1002,0,0.0862,0.0203,0,0,0.0066,0,0
3.25179,9.8,20.3,70,13.9,0.8,122.7,0.017,0.037,0.614,1.081,12.72925764,0.036,2.738,10.21,9.33,1,3,3.884892086,4.18,14.33,0,0.06,0.24,0,0,2.33,0,0,0,0.0007,0.0466,0.1586,0,0.0089,0.0014,0.0012,0,0,0,0,0,0,0,0,0,0,0.001,0.0067,0.0002,0,0,0,0,0,0,0,0
3.3421175,11.15,20,68.75,10.9,51,107.9,0.012,0.029,0.543,1.126,10.07067138,0.035,2.891,10.26,9.74,2,1.8,3.76146789,5.4,12.19,0.12,0.43,0.38,0,0,4.43,0,0,0,0,0.0987,0.0003,0.0349,0,0.0394,0.0122,0,0,0,0,0,0,0,0,0,0,0.0011,0.0398,0.0043,0,0,0,0,0,0,0,0
3.4866415,9.74,20.4,52.5,11.6,39.1,135.4,0.017,0.042,0.84,0.646,8.301988178,0.025,2.629,9.82,7.73,4,3.6,5.086206897,7.27,5.7,0,0.46,0.07,0,0,1.77,0,0,0,0,0.0138,0.3833,0,0.0147,0.0042,0.0024,0.024,0,0,0,0,0,0,0,0,0,0.0013,0.0148,0.0018,0,0,0,0,0,0,0,0
3.9563445,8.89,20,57.5,13.5,8.2,125,0.014,0.064,0.721,0.594,9.495569189,0.05,2.361,10.09,9.33,2.5,2.8,5.777777778,3.31,3.8,0.02,0.57,0,0,0,2.58,0,0,0,0.0013,0.0244,0.1044,0.0184,0.0036,0.0024,0.0027,0.0128,0,0,0,0,0,0,0,0,0,0,0.0013,0.0005,0,0,0,0,0,0,0,0
3.360183,9.16,20,47.5,10.9,50.7,121.2,0.006,0.142,0.658,0.631,7.861050328,0.028,2.4,10.33,7.62,3,3.2,13.57798165,2.73,3.9,0,0.24,0.13,0,0,2.66,0,0,0,0,0.0062,0.1089,0,0.0153,0.0284,0.0047,0.0105,0,0,0,0,0,0,0,0,0,0.0004,0.0088,0.0004,0,0,0,0,0,0,0,0
4.263458,8.83,20,75,11.7,10.3,102.5,0.019,0.039,0.487,0.734,10.27309237,0.017,2.688,9.82,7.9,4,3.6,4.957264957,8.01,5.03,0.12,0.46,0.24,0,0,4.43,0,0,0,0,0.0222,0.2198,0,0.0145,0.0065,0.0155,0,0,0,0,0,0,0,0,0,0,0.002,0.0192,0.0011,0,0,0,0,0,0,0,0
3.685362,9.12,20.4,77.5,15.2,20.8,84.9,0.01,0.056,0.685,0.816,12.9611249,0.031,2.666,9.3,8.7,4,3.5,4.342105263,7.59,4.09,0.05,0.67,0.13,0,0,4.52,0,0,0,0,0.0911,0.6978,0,0.0154,0.035,0.0282,0,0,0,0,0,0,0,0,0,0,0.0033,0.0344,0.0008,0,0,0,0,0,0,0,0
4.191196,9.1,20.1,80,18.2,6.8,150.5,0.016,0.037,0.802,0.899,9.994301994,0.033,2.484,9.93,11.26,5,2.9,2.912087912,7.23,4.89,0.04,0.76,0.18,0,0,4.56,0,0,0,0,0.0232,0.1456,0,0.0108,0.0053,0.0028,0,0,0,0,0,0,0,0,0,0,0.0028,0.0335,0.005,0,0,0,0,0,0,0,0
3.4866415,9.09,20.2,91.25,12.8,80.8,48,0.014,0.053,0.259,0.049,2.648305085,0.028,2.462,9.63,13.35,5,2.8,5.234375,5.2,3.91,0.2,0.59,0.18,0.06,0,6.31,0,0,0,0,0.0057,0.1203,0,0.0138,0.023,0.0072,0.0102,0,0,0,0,0.0007,0,0,0,0,0.0028,0.0225,0,0,0,0,0,0,0,0,0
3.3421175,9.03,19.8,116.25,8.9,59.7,123.3,0.016,0.036,0.738,0.694,7.733194372,0.029,2.433,10.09,12.91,4,2.5,5.842696629,6.74,3.51,0,0.12,0.18,0.01,0.003,5.02,0,0,0,0,0,0.245,0.0406,0.0064,0.0198,0.0186,0,0,0,0,0,0,0,0,0,0,0,0.0015,0.0009,0,0,0,0,0,0,0,0
3.99,9.31,19.1,71.25,5.1,15.7,100.1,0.039,0.019,0.444,0.844,11.13316791,0.033,0.796,8.89,9.18,3,3.5,11.37254902,6.23,3.12,0.61,1.15,0.24,0,0,1.62,0,0,9.3458,0,2.3781,0.9661,2.002,0,0.025,0.169,0,0,0,0,0,0,0,0,0,0,0.0885,0.6511,0.0689,0,0.0267,0.0203,0,0,0.0041,0,0
4.02,11.86,20.7,57.5,13,10.1,80.5,0.035,0.057,0.626,0.913,15.74324324,0.054,0.924,8.45,9.4,0,3.5,7.076923077,7.77,5.28,0.3,0.83,0.38,0,0,1.92,0,0,16.8639,0,2.3626,0.6735,4.7329,0,0.0386,0.2074,0,0,0,0,0,0,0,0,0,0,0.1182,1.1943,0.1193,0.0158,0.087,0.0121,0,0,0.004,0,0
3.68,10.42,20.6,60,7.4,9.9,106.4,0.043,0.078,0.735,0.697,12.5545675,0.038,1.947,8.2,9.14,0.2,3.5,16.35135135,10.53,3.93,0,0.59,0.47,0,0,2.05,0,0,20.1422,0,3.6364,2.5166,3.6417,1.8175,0.0714,0.4316,0,0,0,0,0,0,0,0,0,0,0.1844,2.9542,0.1891,0,0.0971,0.0027,0,0,0.0058,0,0
4.42,11,20.2,60,9.7,9.8,131.6,0.032,0.058,0.7,0.414,7.968232958,0.03,1.412,8.32,11.15,0.2,3,9.278350515,4.1,5.36,0,0.42,0.32,0,0,1.59,0,0,4.9807,0,1.3078,0,3.4523,3.982,0.2523,0.3029,0,0,0,0,0,0,0,0,0,0,0.0676,1.9896,0.251,0,0.0852,0,0,0,0.0016,0,0
4.1,11.34,19.8,68.75,20.8,55.1,63,0.028,0.045,0.337,0.836,8.970482361,0.058,1.326,8.89,10.6,10,2.9,3.509615385,6.97,6.11,0,3.04,1.48,0,0,2.37,0,0,24.4393,0,0,0,4.4381,18.35,0.1278,0.1216,0,0,0,0,0,0.0131,0,0,0,0,0.0378,1.1078,0.1385,0,0.0551,0.01,0,0,0.0069,0,0
3.34,10.7,18.7,84.29,6,16.8,183.2,0.034,0.034,0.571,0.545,5.747572816,0.04,2.17,9,11.5,0,2,11.33333333,3.11,5.32,0.28,0.07,0.35,0,0,4.2,0,0,0.6407,0,0,0.0043,0.0365,0,0.0485,0.0032,0.0579,0.0135,0,0,0,0,0,0,0,0,0,0.0049,0.0025,0,0,0,0,0,0,0,0
3.61,9.42,18.7,77.14,1.3,16.3,128.5,0.038,0.023,0.719,0.775,10.64339493,0.039,1.424,8.81,11.38,4,2.5,46.92307692,3.87,5.03,0,0.14,0.16,0,0,3.18,0,0,0.7653,0,0.0069,0.0251,0.4899,0,0.0077,0.0035,0,0,0,0,0,0,0,0,0,0,0.001,0.0049,0.0015,0,0,0,0,0,0,0,0
4.42,9.05,18.9,77.14,5.4,20.6,155.2,0.035,0.033,0.548,0.606,6.74392936,0.032,1.106,8,9.898,3,3.5,12.59259259,3.85,3.37,0,0.22,0.94,0,0,3.84,0,0,0.382,0,0,0.0108,0.1889,0,0.008,0.0015,0,0.0126,0,0,0,0,0,0,0,0,0.0003,0.0089,0.001,0,0,0,0,0,0,0,0
4.3,9.31,18.7,72.86,13.6,7.2,125.3,0.027,0.026,0.553,1.108,11.73169062,0.035,1.608,8.08,10.12,2,3.8,3.897058824,5.77,3.69,0,0.76,0.08,0,0,2.97,0,0,0.3784,0,0.1075,0.023,0,0,0.0056,0.0019,0,0,0,0,0,0,0,0,0,0,0.0012,0.0271,0.0038,0,0,0,0,0,0,0,0
3.38,11.16,19.9,71.43,8.2,42.2,132.1,0.032,0.039,0.448,1.254,9.715068493,0.05,2.135,8.84,12.8,0,2.8,8.658536585,6.04,4.73,0.01,0.66,0.04,0,0,4.33,0,0,0.4685,0,0,0.0534,0.1692,0.0661,0.0439,0.0196,0,0.0318,0,0,0,0,0.0004,0,0,0,0.0124,0.0408,0.008,0,0,0,0,0,0,0,0
4.32,11.2,20.2,70,7.1,14.9,190.1,0.031,0.024,0.165,1.009,5.794436587,0.03,2.077,9.3,10.46,0.2,3.5,7.746478873,3.16,3.99,0,0.47,0.41,0,0,4.5,0,0,0.2906,0,0,0.0118,0.0815,0.0064,0.0068,0.0049,0,0.0036,0,0,0,0,0,0,0.0003,0,0.0143,0.0172,0.0033,0.0004,0,0,0,0,0,0,0
3.43,11.14,20.2,74.29,22.8,16.2,163.8,0.012,0.027,0.699,0.969,8.417159763,0.033,1.265,9.14,13.62,1.5,2.5,1.710526316,3.66,3.97,0.06,0.17,0.62,0,0,5.02,0,0,1.5042,0,0,0.0363,0.201,0,0.0182,0.004,0,0.5849,0,0,0,0,0,0,0,0,0.0048,0.0285,0.0013,0,0,0,0,0,0,0,0
3.54,12.89,20.6,64.29,21.1,9,247.6,0.03,0.05,0.755,0.938,6.384587685,0.056,1.33,8.85,14.42,0.2,1.5,3.791469194,2.75,2.41,0.05,0.11,0.11,0,0,4.69,0,0,1.3581,0,0,0,0.0556,0,0.0092,0.0127,0,0.6058,0,0,0,0,0,0,0,0,0.0038,0.0195,0.0023,0,0,0,0,0,0,0,0
3.25,11.51,20.1,75.71,41.8,27.7,150.9,0.03,0.027,0.534,1.276,8.470961887,0.032,1.34,9.46,14.48,3,2.7,1.363636364,3.97,2.19,0.04,0.2,0.07,0,0,5.28,0,0,1.5406,0,0,0.074,0.1449,0,0.0033,0.0106,0,0.2625,0,0,0,0,0,0,0,0,0.0016,0.0222,0.0025,0,0,0,0,0,0,0,0
3.92,10.78,19.6,72.86,44.8,21.9,152.2,0.022,0.044,0.837,1.215,9.675650982,0.033,1.378,9.06,14.72,2.5,2.7,1.473214286,4.14,3.51,0.1,0.65,0.06,0,0,5.33,0,0,0.9729,0,0,0.0021,0.0665,0.0254,0.0053,0.0025,0,0.3201,0,0,0,0,0,0,0,0,0.0002,0.0072,0.0019,0,0,0,0,0,0,0,0
3.68,11.35,19.5,94.29,22.2,91.1,117.8,0.047,0.085,0.588,1.266,8.593682389,0.059,1.153,8.45,12.44,3,2.8,5.945945946,2.24,2.57,0.04,0.89,0.07,0,0,3.7,0,0,1.2555,0,0,0.0016,0.0588,0.0626,0.0041,0.0026,0,0.2179,0,0,0,0,0,0,0,0,0.0025,0.001,0.0018,0,0,0,0,0,0,0,0
3.4,12.61,20,82.86,61.9,18.1,163.5,0.03,0.023,0.519,1.2,7.277207392,0.031,1.175,8.52,13.87,2.8,2,0.856219709,2.29,4.04,0,0.46,0.18,0,0,4.08,0,0,1.2788,0,0,0.0744,0.0002,0.0197,0.0013,0.001,0,0.0056,0,0,0,0,0,0,0,0,0.0007,0.0041,0.0014,0,0,0,0,0,0,0,0
2.31,12.5,20.4,54.29,88.2,34.7,120.8,0.053,0.032,0.642,1.244,8.087812885,0.031,1.613,8.67,10.17,3.5,1.9,0.963718821,4.78,2.48,0.06,2.55,0.01,0,0,2.72,0,0,0.275,0,0,0,0.0314,0,0.0047,0.0072,0,0.0072,0,0,0,0.0004,0.0012,0,0,0,0.0007,0.0087,0.0012,0.0008,0,0,0,0,0,0,0
3.86,12.85,20.4,75.71,22.2,43.9,128.1,0.036,0.044,0.476,0.909,7.54376931,0.056,1.362,9,11.76,1,2.5,3.603603604,5.53,2.31,0.01,0.25,0.06,0,0,3.56,0,0,0.8153,0,0,0.0073,0.0375,0.0584,0.0045,0.0025,0,0.1807,0,0,0,0,0,0,0,0,0.002,0.0071,0.0012,0,0,0,0,0,0,0,0
4.42,9.88,12.5,94,14.4,6.4,172.5,0.052,0.048,0.291,1.111,7.770305225,0.023,2.917,8.13,8.1,4,3.2,6.944444444,8,1.73,0.61,0.21,0.29,0,0,2.39,0,0,0,0,2.5221,0.5114,10.2006,0,0.0149,0.0136,0,0,0,0.0045,0,0.0066,0,0,0,0,0.0038,0.2062,0.0108,0,0,0.0132,0,0,0,0.0055,0
4.42,10.1,12.6,90,10.8,15.8,197.6,0.042,0.039,0.764,0.579,6.3514719,0.018,3.116,8.31,8.96,3.5,3.4,7.5,13.24,3.42,0.15,0.12,0.36,0,0,2.33,0,5.1941,0,0,3.8794,1.7159,9.1197,0,0.0099,0.0345,0,0,0,0,0,0,0,0,0,0,0.008,0.3978,0.0718,0,0,0.4764,0,0,0,0.0186,0
3.63,10.25,12.1,98,34.9,7.6,285.1,0.031,0.1,0.688,0.917,5.299145299,0.023,3.712,9.47,11.95,5,3.3,3.753581662,7.02,5.72,0.02,1.06,0.42,0,0,3.37,0,1.7314,0,0,3.3497,0.3911,9.5913,0,0.021,0.0469,0,0,0,0,0,0,0,0,0,0,0,0.4222,0.0677,0,0,0.2952,0,0,0,0.0124,0
3.99,10.15,12.3,120,32,25.5,183.8,0.031,0.082,0.775,1.139,8.400331538,0.057,3.843,10.05,13.95,6,2.7,3.53125,8.97,8.91,0.05,0.93,0.99,0,0,4.72,0,7.7912,3.0357,0,2.7053,0,13.2423,1.8827,0.064,0.0213,0,0,0,0,0,0,0,0,0,0,0,0.3645,0.0328,0,0,0.0315,0,0,0,0.0127,0
4.42,10.14,12.2,120,13.9,15.2,171.1,0.042,0.031,0.655,1.141,9.335664336,0.029,3.483,9,13.06,6,2.6,5.251798561,6.78,3.68,0,0.57,0,0.01,0,4,0,4.3284,5.3124,0,0.517,0,2.7024,2.8397,0.0299,0.0171,0,0,0,0,0,0,0,0,0,0,0,0.3507,0.0472,0,0,0.0984,0,0,0,0.0068,0
3.86,9.84,12,138,12.8,34.3,213.5,0.033,0.069,0.7,1.351,8.261703761,0.016,3.579,8.68,17.42,4.5,2.7,7.96875,7.1,7.27,0.04,1.84,0.08,0,0,3.37,0,0,0.922,0,0,0.0074,0.1347,0.0469,0.0042,0.0036,0,0.2519,0,0,0,0,0,0,0,0,0,0.0043,0.0005,0,0,0,0,0,0,0,0
4.23,9.77,10.9,114,7.3,45,231.6,0.034,0.054,0.741,1.047,6.607960549,0.019,3.483,9.25,14.24,4,1.5,12.05479452,5.96,2.36,0.08,2.17,0.02,0,0,3.39,0,0,0.1228,0,0,0,0.227,0.0082,0.0007,0.0014,0,0.1397,0,0,0,0,0,0,0,0,0,0.0213,0.0032,0,0,0,0,0,0,0,0
3.85,9.95,12.6,88,21.7,21.5,192.5,0.03,0.074,0.62,1.011,7.361052185,0.028,3.621,9.89,12.21,3,3.4,4.792626728,6.31,4.44,0.02,0.29,0.03,0,0,3.62,0,0,0.11,0,0,0,0.0817,0.0421,0.0209,0.0031,0,0.0498,0,0,0,0,0,0,0,0,0,0.0086,0.0015,0,0,0,0,0,0,0,0
4.42,10.43,12.3,94,10.6,7.5,200.2,0.036,0.034,0.409,0.915,6.385707742,0.035,2.327,7.51,8.08,3,2.7,6.603773585,4.07,1.69,0.04,1.16,0.02,0,0,2.73,0,0,0.1149,0,0.1103,0.1785,0.1371,0,0,0.0119,0,0.1622,0,0,0,0,0,0,0,0,0.0003,0.032,0.0167,0,0,0,0,0,0,0,0
4.42,10.02,12.4,80,8.9,2,156.6,0.032,0.032,0.603,0.737,8.382089552,0.023,2.93,8.47,9.77,2.5,3,7.191011236,7.36,2.97,0.03,0.98,0.06,0,0.1,3.75,0,0,0.0336,0,0.0358,0.0493,0.03,0,0.0077,0,0,0.0621,0,0,0,0,0,0,0,0,0,0.0196,0.0052,0,0,0,0,0,0,0,0
4.42,9.7,12.6,94,28.5,0.7,139.2,0.037,0.038,0.685,0.861,9.625890736,0.022,3.167,9.22,10.02,5,3.2,2.631578947,5.92,5.7,0.27,3.57,0.04,0,0,6,0,0,0.0623,0,0.0244,0,0.0126,0,0.005,0.3201,0,0.0355,0,0,0,0.0025,0,0,0,0,0.0002,0.0213,0.0007,0,0,0,0,0,0,0,0
3.96,9.68,12.6,104,8.2,36.3,118.5,0.044,0.035,0.555,0.815,8.889570552,0.017,2.834,8.5,9.73,6.5,3.5,9.634146341,3.44,5.54,0.06,1.03,0.16,0,0,3.52,0,0,0.001,0,0.0642,0.0664,0.0716,0,0.0048,0.0011,0,0.194,0,0,0,0,0,0,0,0,0.0009,0.0276,0.0046,0,0,0,0,0,0,0,0
4.08,9.37,12.6,104,38.5,40.9,191.5,0.024,0.061,0.783,1.008,6.925064599,0.022,3.775,10.63,14.41,6,3.5,2.207792208,4.14,6.71,0,1.27,0.02,0,0,3.99,0,0,0.6418,0,0.1862,0.056,0.2885,0,0.0313,0.0027,0,0.4997,0,0,0,0,0,0,0,0,0,0.0037,0.0003,0,0,0,0,0,0,0,0
4.42,10.05,12.2,88,33.6,2.5,194.7,0.026,0.053,0.752,0.904,7.517331023,0.028,3.873,10.38,12.99,5,3.4,2.351190476,4.33,7.79,0.45,0.04,1.8,0,0,6.48,0,0,0.376,0,0.2587,0.1085,0.1433,0,0.002,0.0013,0,0.4554,0,0,0,0,0,0,0,0,0,0.003,0.0004,0,0,0,0,0,0,0,0
4.42,9.93,12.3,124,26.5,13.9,226.5,0.035,0.048,0.762,1.05,7.100037467,0.02,3.643,10.35,14.34,4,2.2,3.132075472,5.57,9.42,0.33,0.13,2.9,0,0,6.47,0,0,0.1462,0,0.0528,0.0736,0.0705,0,0.0043,0,0,0.1061,0,0,0,0,0,0,0,0,0,0.0018,0.0006,0,0,0,0,0,0,0,0
3.6,10.22,17.1,106.25,19,10.7,116.1,0.016,0.016,0.587,0.284,6.193415638,0.012,2.396,6.94,9.63,3,3.4,1.684210526,0.7,4.27,0.29,1.14,0,0,0,3.01,0,0,0,0,0,0.2027,0,0,0.0045,0.0299,0,0,0,0.0162,0.0446,0.0077,0,0,0,0,0.2863,0.0067,0.0017,0,0.0224,0,0,0,0.0035,0,1
3.3,10.28,16.8,122.5,14.4,15.2,149.3,0.015,0.016,0.67,0.441,6.383454444,0.027,2.568,6.6,9.4,5,3.4,2.152777778,0.36,4.69,0.17,1.19,0.89,0.05,0,2.41,0,0,0,0,0.3286,0.8503,0,0,0.0038,0.0217,0,0,0,0.0112,0.0427,0.0084,0,0,0,0,1.0887,0.0126,0,0,0.0139,0,0,0,0.001,0,1
3.6,10.62,16.9,117.5,41,8.9,141,0.106,0.015,0.554,0.309,5.154531168,0.002,2.517,6.48,9.54,2.5,3.5,2.951219512,0.37,2.11,0.78,0.78,0.34,0.03,0,1.46,0,0,0,0,0.6437,0.3418,0,0,0.0202,0.0235,0,0,0,0.0183,0,0.0486,0,0,0,0,0.5139,0.0259,0,0,0.0271,0,0,0,0.0024,0,1
3.2,10.74,16.9,126.25,31.2,5.8,172.6,0.01,0.019,0.728,0.667,6.79389313,0.032,2.9,7.4081,10.7319,3,2.7,0.929487179,0.35,4.71,0.59,0.93,1.26,0,0,1.54,0,0,0,0,0.4817,0,0,0,0.0274,0.0067,0,0,0,0.0149,0,0.0076,0,0,0,0,0.7671,0.0082,0,0,0,0,0,0,0.0008,0,1
2.4,10.69,16.8,132.5,23,12.3,135.5,0.035,0.02,0.71,0.841,9.402810304,0.026,2.766,7.714,12.236,5,2.9,2.391304348,1.63,4.69,0.37,0.88,0.55,0,0,1.61,0,0,0,0,0,0,0,0.0778,0.0241,0,0,0,0,0,0.1763,0.1076,0.0134,0,0,0,1.541,0.0101,0.0028,0,0,0,0.0047,0,0,0,1
2.2,11.33,17.2,108.75,19.8,3.5,123.4,0.01,0.026,0.704,0.416,7.880027267,0.131,2.958,8.142,9.9356,5,3.3,1.818181818,1.4,4.05,0.14,2.74,0.7,0,0,3.68,0,0,0,0,0,0,0,0.0852,0,0.0005,0,0,0,0,0.0012,0,0,0,0,0,0.048,0.0008,0,0,0,0,0.0174,0,0,0,1
1.4,9.79,16.5,142.5,28.7,6.5,251.1,0.019,0.026,0.743,1.129,6.695773664,0.059,2.748,7.965,13.865,6,2,1.567944251,2.06,4.49,0.06,5.33,0.07,0,0,2.09,0.0092,0,0,0,0,0,0,0.0091,0.0008,0,0,0,0,0,0,0.0117,0.001,0,0.0008,0,0.0272,0.0087,0.0112,0,0,0,0.006,0,0,0,1
3.3,10.71,17.1,102.5,21.7,1.8,134.6,0.02,0.024,0.365,0.706,7.052498419,0.053,2.512,6.8912,9.4282,4.5,3.4,2.02764977,1.38,4.41,0.28,1.81,0.17,0.1,0,3.86,0,0,0,0,0,0.0246,0,0.0374,0.007,0.0006,0,0,0,0,0.0025,0,0.0002,0,0,0,0.0357,0.0009,0,0,0,0,0.0252,0,0,0,1
1.9,9.94,16.3,128.75,14.9,1.4,166.8,0.014,0.027,0.659,0.573,6.952484981,0.054,2.826,7.5874,12.39,6,3,2.751677852,2.96,2.77,0.31,4.05,0.02,0,0,3.02,0,0,0,0,0.0258,0,0,0.0185,0,0.0004,0,0,0,0,0.0016,0,0,0,0,0,0.0535,0.0001,0.0005,0,0,0,0,0,0,0,1
3.1,10.1,16.8,161.25,16.6,13.8,178.6,0.023,0.027,0.502,1.141,8.100478469,0.056,2.671,7.2098,12.0006,4,3.4,3.012048193,1.41,3.18,0.43,5.84,0.29,0.47,0,3.16,0,0,0,0,0,0,0,0.0243,0.0041,0.0005,0,0,0,0,0,0,0,0,0,0,0.0572,0.0009,0.0005,0.0003,0,0,0,0,0,0,1
3.5,10.16,16.3,143.75,21.9,9.4,152.8,0.026,0.027,0.473,0.866,7.561108093,0.038,2.752,7.08,11.2218,3.5,3.2,2.420091324,1.07,2.8,0.07,2.2,0.09,0,0.09,4.19,0,0,0,0,0,0.0167,0.0283,0.0089,0.0054,0.0017,0,0,0,0,0,0,0,0,0,0,0.0119,0.0003,0,0,0,0,0.0002,0,0,0,1
3.3,9.99,16.4,123.75,33.3,11.3,111.3,0.048,0.026,0.652,0.541,8.12700449,0.053,2.568,6.903,11.0448,5,3.4,2.222222222,1.6,4.27,0.28,2.17,0.78,0.31,0,3.98,0,0,0,0,0,0,0,0.0135,0.0045,0.001,0,0,0,0,0.0006,0,0,0,0,0,0.0092,0.0007,0.0012,0,0,0,0.0012,0,0,0,1
2.8,10.12,16,166.25,22,25.5,171.1,0.032,0.029,0.57,0.402,4.725526075,0.033,2.85,7.08,12.803,6,3,2.772727273,1.69,1.98,0.35,1.65,0.04,0.03,0.003,2.82,0,0,0,0,0,0.0502,0,0.0192,0.0108,0,0,0,0,0,0,0.002,0.001,0,0,0,0.0477,0.0002,0.0003,0,0,0,0,0,0,0,1
2.3,10.18,15.8,170,21.1,8.9,143.3,0.066,0.032,0.522,0.86,8.540103866,0.056,2.752,7.375,14.1954,7,3.3,4.644549763,2.72,7.26,0.1,3.78,0.06,0.49,0,3.99,0,0,0,0,0,0,0,0.0128,0.0072,0.0008,0,0,0,0,0.005,0,0,0,0,0,0.0533,0.0049,0.0036,0.0004,0,0,0.0156,0,0,0,1
1.6,10.11,16.1,217.5,22.8,11.9,89,0.029,0.027,0.651,0.176,7.138237672,0.016,2.81,8.024,16.402,7.5,2,2.456140351,2.85,4.73,0.15,5.24,0.36,0,0,4.63,0,0,0,0,0,0,0,0.0072,0.0007,0,0,0,0,0,0.0034,0,0,0,0,0,0.029,0.0013,0.0018,0,0,0,0.0023,0,0,0,1
3.2,9.04,20.1,90,5.1,8.2,199.6,0.013,0.06,0.561,0.986,7.6092062,0.02,2.517,8.064,9.136,6,3.7,14.31372549,1.46,1.19,0.005,1.49,0,0,0,1.02,0,0,0,0,3.251,1.0553,1.5059,0,0.0085,0.0452,0,0,0,0,0.1142,0.4465,0,0.3692,0,0.3624,0.0553,3.6975,0.0032,0.167,0,0,0,0.1177,0,0.0049,1
3.3,9.66,20.3,58.8,9.2,12.5,146.7,0.016,0.039,0.577,0.435,6.336104513,0.022,2.452,8.1,6.38,4,3.7,5.97826087,1.7,3.11,0.08,1.08,0.08,0.06,0,0.56,0,0,0,0,0.8124,1.2404,3.9186,0,0.0178,0.2058,0,0,0,0,0,0.2025,0,0.1016,0,0.1035,0.098,2.5408,0.0081,0.026,0,0,0,0.0497,0,0.0035,1
3.7,10,20.4,71.3,10.9,1.5,209.1,0.053,0.07,0.613,0.777,6.830699774,0.02,2.286,8.268,9.005,3.5,3.5,11.28440367,2.47,5.35,2.39,1.39,0.14,0.07,0,1.39,0,0,0,0,1.63,1.1804,2.2372,0,0.0554,0.1552,0,0,0,0,0,0.096,0,0.0252,0,0.1035,0.1173,5.3111,0.0062,0.0068,0,0,0,0,0,0.0028,1
3.4,9.68,20.5,81.3,7,23.7,179.2,0.025,0.04,0.616,0.402,5.159599809,0.027,2.438,8.064,7.4955,3,2.9,9.285714286,1.45,3.64,0.05,1.56,0.16,0.06,0,0.58,0,0,0,0,5.4105,0,0,0,0.2925,0.0825,0,0,0,0,0,0.5516,0,0.1041,0,0.1035,0.1441,0.384,0.041,0.0483,0,0,0,0,0,0.0034,1
1.8,10.35,20.2,65,18.2,12.4,157.9,0.014,0.057,0.578,0.614,6.700265252,0.019,2.854,8.592,7.853,6,2.9,3.901098901,2.26,4.36,0.1,1.35,0.74,0,0,1.16,0,0,0,0,1.8619,0,0,3.5759,0.3153,0.0597,0,0,0,0,0,0.03,0,0,0,0,0.0276,0.3029,0.0431,0,0.2477,0,0,0,0.0132,0.0049,1
3.3,9.68,20.4,70,13,9,158.9,0.024,0.034,0.67,0.614,7.418463239,0.017,2.487,7.93,7.23,5,3.3,4.461538462,5.92,4.67,0.36,3.56,0.69,0.01,0.01,5.27,0,0,0,0,0,0.0566,0,0.0258,0.0491,0.0052,0.0301,0,0,0,0.0057,0.0132,0,0,0.0096,0.0026,0.0205,0.0282,0.0092,0.0017,0,0,0,0,0,0,1
3.2,9.31,19.7,193.8,4,34.2,207.2,0.015,0.05,0.649,1.201,7.803585982,0.017,2.472,8.346,8.422,8,1.8,16.25,7.78,4.22,0,10.36,1.2,0.12,0.2,5.49,0,0,0,0,0,0.0219,0,0,0.0249,0.008,0,0,0,0,0,0.0032,0,0,0,0.0166,0.0173,0.0134,0.005,0,0,0,0,0,0,0,1
3.6,9.54,20.4,93.8,8.2,6.2,191.7,0.013,0.065,0.51,0.883,7.137311984,0.023,2.229,7.891,9.133,5,3.6,9.512195122,4.48,3.2,0.003,3.43,0.2,0.26,0.18,4.8,0,0,0,0,0.0119,0.0027,0,0,0.0443,0.0156,0,0,0,0,0.0076,0.0266,0,0,0.0179,0.0119,0.0247,0.0245,0.0082,0.0014,0,0,0,0,0,0,1
3.3,9.35,20.1,102.5,7,63.8,87.9,0.012,0.047,0.539,1.158,11.06490233,0.014,2.65,7.592,9.4704,6,3.3,8.428571429,5.98,3.55,0.12,3.29,0.5,0.07,0.47,4.8,0,0,0,0,0.0146,0.0534,0,0.0516,0.0003,0.0836,0,0,0,0,0,0.0091,0,0,0,0,0.0205,0.0344,0.0031,0,0,0,0,0,0,0,1
3.2,9.14,20.2,127.5,9.7,83.6,88.7,0.02,0.129,0.564,0.962,9.203296703,0.019,2.429,7.8,7.816,7,3.5,15.36082474,12.22,2.05,0.03,2.57,0.7,0.13,0.04,4.8,0,0,0,0,0,0.0331,0.0443,0,0.0174,0.0037,0,0,0,0,0,0.0014,0,0,0,0.0014,0.0146,0.0222,0.0075,0,0,0,0,0,0,0,1
3.3,9.15,20.1,101.3,11.1,18.4,263.6,0.024,0.056,0.69,1.199,6.717843739,0.025,2.319,7.982,8.082,7,3.5,7.207207207,13.34,2.82,0.2,1.26,0.08,0,0.01,4.8,0,0,0,0,0,0.0438,0.0046,0,0.006,0.0013,0,0,0,0,0,0.0044,0.0041,0,0,0.0033,0.0227,0.0251,0.0051,0,0,0,0,0,0,0,1
3.7,8.84,20.2,112.5,2.2,57.8,154.5,0.016,0.06,0.525,0.95,7.230769231,0.017,2.19,8.125,7.939,7.5,3.2,34.54545455,3.3,2.64,0.13,3.29,0.93,0,0,3.05,0,0,0,0,0,0.0418,0,0,0.0137,0.0057,0,0,0,0,0,0.0069,0,0,0.0077,0,0.0195,0.0146,0.0072,0.0006,0,0,0,0,0,0,1
3.7,8.63,19.8,125,6.8,4.6,195.3,0.013,0.072,0.456,1.41,9.438800194,0.02,2.163,8.58,7.292,7,3.5,12.5,2.99,1.45,0,2.7,0.55,0,0,2.24,0,0,0,0,0,0.0126,0,0,0.0075,0.0029,0,0,0,0,0,0.0047,0,0,0,0.0048,0.0269,0.0189,0.0082,0,0,0,0,0,0,0,1
3.5,9.15,19.4,170,3.3,69.1,194.5,0.02,0.049,0.488,1.341,7.111277632,0.015,2.317,8.073,10.927,7,2.2,20.90909091,2.21,1.76,0.26,2.74,0.83,0.02,0.04,2.99,0,0,0,0,0,0.0145,0,0,0.0611,0.0114,0.0034,0,0,0,0,0,0,0,0,0,0.0277,0.0228,0.0086,0,0,0,0,0,0,0,1
3.7,9.15,20.6,61.25,16.5,35.6,92.4,0.026,0.019,0.512,0.96,10.4982699,0.008,2.691,8.532,7.908,6,3.5,2.727272727,3.24,4.12,0.45,0.34,0.02,0,0,1.33,0,0,1.2371,0,0,0.7336,2.6244,0,0.0087,0.0975,0,0,0,0,0,0.0058,0,0,0,0,0.3792,1.7303,0.0868,0,0,0.0227,0,0,0,0,1
3.5,9.03,20.1,67.5,9.2,33.1,116,0.027,0.015,0.643,0.783,9.27353127,0.014,2.656,8.28,9.984,8.5,3.9,4.565217391,1.24,4.94,0.06,0.96,0.02,0.05,0,1.9,0,0,0.1832,0,0,0.3396,1.8333,0,0.0043,0.0239,0,0,0,0,0,0.0067,0,0,0,0,0.0977,1.0316,0.0574,0,0,0,0,0,0,0,1
3.1,9.36,20.3,80,1.6,17.6,135.3,0.019,0.018,0.757,0.967,11.39805825,0.015,2.904,8.28,7.98,9,3,23.125,3.12,3.73,0.11,1.4,0.52,0.11,0,1.78,0,0,0.1832,0,1.7027,0.572,5.6501,0,0.0156,0.0426,0,0,0,0,0,0.0366,0,0,0,0,0.1947,1.1116,0.0533,0,0,0,0,0,0.0028,0,1
2.3,9.3,19.8,80,41.8,59.6,128.3,0.011,0.023,0.77,1.147,8.493687418,0.019,3.349,9.6,9.636,5,2.4,0.813397129,6.07,3.4,0,0.46,0.86,0.06,0,1.21,0,0,0.4529,0,1.2388,0,0.05,0.5128,0.0138,0.0006,0,0,0,0,0,0.0896,0.0407,0.0203,0,0,0.1645,0.129,0.0158,0.0152,0,0.0415,0,0,0.0014,0,1
2.5,8.49,20,103.75,4.4,41.2,174.3,0.018,0.023,0.85,1.229,9.640745794,0.01,2.675,9.144,9.696,10,2,9.318181818,9.74,6.76,0,3.95,0.48,0.32,0,5.26,0,0,0.0894,0,0,0,0.2316,0.0372,0.0166,0.0006,0,0.4287,0,0,0,0.0127,0,0,0,0,0.035,0.0797,0.0032,0,0,0,0,0.01,0,0,1
3.2,8.5,20.1,71.25,11.7,14.1,146.7,0.013,0.029,0.652,0.869,9.060869565,0.023,2.887,7.692,9.732,6.5,1.7,3.58974359,3.23,1.9,0.05,2,0.41,0.03,0,2.23,0,0,0,0,0,0,0.5045,0.0377,0.0237,0.0005,0.0404,0,0,0,0.0053,0.0094,0,0,0,0,0.0634,0.0326,0.013,0.0004,0,0,0,0,0,0,1
3.3,9.94,20.3,88.75,6.5,43.7,80.2,0.011,0.027,0.756,0.771,12.00153374,0.016,2.748,7.56,9.552,9,3.4,5.846153846,4.42,1.79,0,1.27,0.15,0.22,0,2.52,0,0,0.0005,0,0,0,0,0,0,0,0.0405,0.0168,0,0,0,0.0001,0,0,0,0,0.0195,0.0026,0.0077,0,0,0,0,0,0,0,1
3.6,9.34,20.4,70,14.6,10.6,112.8,0.018,0.009,0.547,0.796,9.927536232,0.017,2.731,7.5,10.188,11,2.9,1.849315068,5.91,2.38,0.02,2.23,0.23,0.16,0,3.65,0,0,0,0,0,0,0,0,0.0095,0.0005,0.0338,0,0,0,0,0,0,0,0,0,0.0327,0.0012,0.0237,0,0,0,0,0,0,0,1
3.2,9.63,20.3,66.25,10.5,20.7,144.8,0.019,0.024,0.588,0.78,8.017045455,0.008,2.866,7.572,7.752,6.5,3,4.095238095,5.49,2.17,0.21,0.96,0.17,0.12,0,5.87,0,0,0.0787,0,0,0,0.167,0.0143,0.0181,0.0019,0,0,0,0,0,0,0,0,0,0,0.0365,0.022,0.0075,0,0,0,0,0,0,0,1
3.8,8.91,20.5,76.25,5.5,15.4,148,0.014,0.021,0.541,0.895,8.709295441,0.006,2.65,7.584,8.508,6,3.5,6.363636364,5.12,1.9,0.36,1.35,0.29,0.11,0,3.07,0,0,0.0138,0,0,0,0.062,0,0.0026,0.0002,0.0464,0,0,0,0.0037,0,0,0,0,0,0.0328,0.0173,0.0069,0,0,0,0,0,0,0,1
3.4,8.98,20.3,76.25,14.4,13.2,134,0.017,0.038,0.526,0.807,8.589108911,0.022,2.913,7.62,10.356,10,3.1,3.819444444,4.98,2.37,0.16,0.8,0.33,0.34,0,2.7,0,0,0,0,0,0,0.004,0.014,0.0035,0,0.0155,0,0,0,0,0,0,0,0,0,0.022,0.0188,0.0109,0,0,0,0,0,0,0,1
3.7,8.42,20.5,92.5,8.2,12.1,165.8,0.024,0.024,0.553,0.996,8.581407845,0.011,2.926,7.764,11.376,10,2.8,5.853658537,4.71,1.49,0,1.2,0.27,0.05,0,3.57,0,0,0,0,0,0,0.0211,0.0085,0.0013,0.0005,0.0203,0,0,0,0,0,0,0,0,0,0.0341,0.0198,0.0134,0,0,0,0,0,0,0,1
3.2,8.47,20.1,92.5,1.4,20.8,181.7,0.026,0.032,0.682,0.848,7.788131437,0.018,2.777,8.004,9.36,7,2.9,41.42857143,6.53,2.27,0.12,1.58,0.35,0.04,0.05,3.71,0,0,0,0,0,0.0084,0,0.0316,0.0034,0.0021,0.0569,0,0,0,0,0.0017,0,0,0,0,0.0309,0.022,0.0195,0,0,0,0,0,0,0,1
3.1,8.49,19.8,82.5,8.9,9.3,222.8,0.021,0.038,0.562,1.103,7.153526971,0.016,2.814,8.136,8.52,6,2.2,6.629213483,5.42,2.28,0.28,2.3,0.68,0,0,4.91,0,0,0.0352,0,0,0.0416,0.0755,0,0.0053,0.0009,0.0318,0,0,0,0,0,0,0,0,0,0.0325,0.0142,0.0091,0,0,0,0,0,0,0,1
4.4,9.96,16.2,98.75,23.3,7,136.7,0.058,0.015,0.248,1.107,8.550898204,0.022,2.796,7.8,10.608,7.7,3.4,3.13304721,3.79,3.5,0.88,1.37,0.43,0.1,0.54,3.44,0,0,0.0368,0,1.0435,0,2.1925,0,0.0035,0.045,0,0,0,0,0.0457,0.0379,0,0.0485,0,0,0.0949,0.1486,0.0022,0.0065,0,0,0.003,0.0017,0,0.0001,1
4.3,9.86,16.4,95,24.2,12.5,170.4,0.06,0.02,0.276,1.268,7.841622405,0.037,2.788,7.332,9.789,7.3,3.4,3.305785124,6.73,3.47,0.45,1.96,0.13,0.19,0.89,3.63,0,0,0.0343,0,0.541,0,3.1215,0,0.0053,0.0971,0,0,0,0,0.075,0.097,0,0.0784,0,0,0.107,0.2314,0.0083,0.0072,0,0,0.0039,0.0045,0.0005,0.0012,1
4.3,9.79,16.4,113.75,18.1,5.2,150,0.048,0.018,0.519,1.037,9.35949221,0.036,2.838,7.41,12.298,6.7,3.2,3.64640884,6.27,1.76,0.12,0.49,0.31,0.11,0.02,3.51,0.0734,0,0.0476,0,0.5052,0,2.6966,0,0.0094,0.0831,0,0,0.0002,0,0.053,0.0576,0,0.0329,0,0,0.1651,0.141,0.001,0.0049,0,0.0007,0.006,0.0045,0.0003,0.001,1
3.9,9.8,16.4,112.5,26.1,4.6,143.4,0.037,0.029,0.706,0.933,9.793222286,0.091,2.935,8.099,10.322,7.6,2.6,2.528735632,4.74,0.62,0.49,1.65,0.79,0,0.23,3.36,0.1653,0,0,0,0.1243,0,0,0.8835,0.0512,0,0,0,0,0,0.1325,0.1083,0.0306,0.2261,0,0.0388,0.055,0.0569,0.0016,0.0066,0,0,0.0033,0.0241,0.0002,0.0001,1
3.3,9.82,16.1,93.75,21.7,36.8,125,0.035,0.026,0.877,0.971,10.40326975,0.065,3.192,8.619,12.051,8.2,2.4,2.811059908,4.25,2.49,0.17,1.67,0.52,0,0.02,3.41,0.0256,0,0,0.0009,0.0584,0,0,0.5989,0.0549,0,0,0,0.0001,0,0.0833,0.0809,0.0038,0.1058,0,0.0324,0.2819,0.0941,0.0016,0.0242,0,0,0.0067,0.0318,0.0004,0.0009,1
3.1,10.58,16.1,103.75,50.2,19.2,136.1,0.032,0.029,0.835,0.982,9.138686131,0.012,3.256,8.2215,10.875,11,1.8,1.215139442,6.09,3.54,0.63,5.18,0.79,0.04,0.4,6.01,0,0,0,0,0,0,0.017,0.0187,0,0.0014,0,0,0,0,0.0007,0.0031,0.0127,0,0,0,0.0127,0.0188,0.0033,0.0018,0,0,0,0,0,0,1
4.2,9.9,16.3,111.25,14.3,5.6,141.1,0.033,0.05,0.698,1.143,11.95031056,0.024,2.72,7.25,11.832,7.9,3.3,5.804195804,6.71,2.04,0.62,1.47,0.22,0.2,0.24,6.26,0,0,0.0112,0,0,0.069,0.0252,0.0225,0.0065,0,0,0,0,0,0,0.0055,0,0,0,0,0.0098,0.0087,0.0097,0,0,0,0,0,0,0,1
3.7,9.86,16.2,112.5,9.7,21.4,186.3,0.04,0.052,0.838,0.626,7.157313707,0.04,2.953,7.6705,13.63,7,3.1,9.484536082,8.28,2.84,0.31,1.67,0.41,0.03,0.31,5.4,0,0,0,0,0,0.0308,0,0.0235,0.0054,0,0.025,0,0,0,0,0.0097,0,0,0,0,0.008,0.0216,0.0044,0,0,0,0,0,0,0,1
4.5,9.93,16.3,117.5,23.9,30.3,191.5,0.033,0.029,0.406,1.181,6.711436711,0.05,2.904,7.018,13.0645,8.5,3.2,2.594142259,5.67,2.31,0.48,1.48,0.23,0.05,0.42,3.94,0,0,0.0379,0,0,0.027,0,0.0283,0.0036,0.0008,0,0,0,0,0.0063,0,0,0,0.0006,0,0.0191,0.0106,0.0034,0,0,0,0,0,0,0,1
4.6,10.02,16.2,115,31.4,32.4,37.8,0.024,0.024,0.549,0.476,10.56102362,0.031,2.665,7.0905,11.4115,10.2,3.3,1.52866242,5.85,1.53,0.12,1.24,0.19,0.04,0,3.96,0,0,0,0,0,0.0216,0,0.0267,0.0164,0.0021,0,0,0,0,0.0089,0.0024,0,0,0.0102,0.0028,0.0617,0.0143,0.0011,0,0,0,0,0,0,0,1
4.5,9.93,16.3,113.75,7.1,20.6,223.2,0.021,0.032,0.482,0.812,5.368672778,0.019,2.967,7.0615,11.7595,9.5,3.4,7.464788732,4.11,0.75,0.36,1.49,0.07,0,0.06,2.46,0,0,0,0,0,0.0158,0.0104,0.0159,0.0042,0.0006,0,0,0,0,0.0055,0.0017,0.0109,0,0.0051,0,0.0364,0.0113,0.0004,0.0008,0,0,0,0,0,0,1
4.2,10.3,16,102.5,19.5,58.8,97.1,0.027,0.048,0.572,0.38,5.855188141,0.038,2.875,7.105,12.441,10.5,3.3,3.846153846,4.94,0.87,0.08,1.52,0.26,0,0.01,4.08,0,0,0,0,0,0.0181,0.0301,0.0669,0.0034,0,0,0,0,0,0.0179,0.0066,0.0516,0,0.0118,0.0017,0.0467,0.0173,0.001,0,0,0,0,0,0,0,1
4.1,10.1,16,120,14.9,9,235.6,0.034,0.028,0.682,0.688,5.518304432,0.071,2.862,7.2065,13.05,11.5,2.2,4.161073826,6.38,2.29,0.39,2.47,0.74,0.31,0.06,5.32,0,0,0,0,0,0.0142,0.0193,0.0344,0.0189,0.0011,0,0,0,0,0,0.0086,0.0163,0,0.0032,0,0.0373,0.0141,0.0012,0,0,0,0,0,0,0,1
